UserID,Date,Total_Distance,Tracker_Distance,Logged_Activities_Distance,Very_Active_Distance,Moderately_Active_Distance,Light_Active_Distance,Sedentary_Active_Distance,Very_Active_Minutes,Fairly_Active_Minutes,Lightly_Active_Minutes,Sedentary_Minutes,Steps,Calories_Burned
6117666160,4/20/2016,8.020000458,8.020000458,0,2.029999971,0.479999989,5.519999981,0,26,10,349,587,10449,2536
1644430081,4/13/2016,5.820000172,5.820000172,0,2.279999971,0.899999976,2.640000105,0,30,16,135,1259,8001,2902
1927972279,4/25/2016,0.109999999,0.109999999,0,0,0,0.109999999,0,0,0,12,1303,152,2100
6117666160,4/26/2016,7.210000038,7.210000038,0,0,0.340000004,6.869999886,0,0,7,352,1077,9543,2450
4388161847,5/9/2016,7.860000134,7.860000134,0,0.340000004,0.730000019,6.789999962,0,6,19,258,1020,10218,3013
6775888955,4/28/2016,0.5,0.5,0,0.059999999,0.200000003,0.239999995,0,2,13,15,1410,703,1993
4319703577,4/13/2016,5.5,5.5,0,0.529999971,0.589999974,1.309999943,0,8,15,96,1234,8204,2135
2873212765,5/3/2016,4.980000019,4.980000019,0,0.059999999,0.25,4.659999847,0.01,1,6,363,1070,7412,1906
4445114986,4/13/2016,1.99000001,1.99000001,0,0,0,1.99000001,0,0,0,194,840,2961,2095
6290855005,5/8/2016,5.829999924,5.829999924,0,0,0,5.820000172,0,0,0,251,1189,7706,2712
3977333714,4/30/2016,9.199999809,9.199999809,0,3.690000057,2.099999905,3.410000086,0,43,52,194,687,13238,1650
1503960366,5/5/2016,8.899999619,8.899999619,0,2.920000076,1.080000043,4.880000114,0,45,24,250,857,14070,1959
1927972279,4/28/2016,1.159999967,1.159999967,0,0,0,1.159999967,0,0,0,95,1167,1675,2351
4558609924,5/1/2016,2.269999981,2.269999981,0,0,0,2.269999981,0,0,0,190,1121,3428,1692
8253242879,4/27/2016,8.180000305,8.180000305,0,6.239999771,0.230000004,1.700000048,0,45,5,104,1286,10232,2008
6962181067,4/28/2016,8.350000381,8.350000381,0,2.50999999,0.239999995,5.590000153,0,38,8,288,621,12627,2182
1503960366,5/12/2016,0,0,0,0,0,0,0,0,0,0,1440,0,0
6117666160,5/6/2016,2.680000067,2.680000067,0,0,0,2.680000067,0,0,0,133,673,3365,1838
4558609924,5/7/2016,5.440000057,5.440000057,0,1.610000014,1,2.829999924,0,23,16,233,1116,8237,1973
3977333714,4/24/2016,10,10,0,3.269999981,4.559999943,2.170000076,0,30,95,129,660,14112,1655
6962181067,4/19/2016,7.099999905,7.099999905,0,2.099999905,2.130000114,2.869999886,0,35,41,195,659,10742,2046
2022484408,5/2/2016,7.289999962,7.289999962,0,2.609999895,0.340000004,4.329999924,0,36,8,277,1119,10379,2473
1624580081,4/20/2016,3.230000019,3.230000019,0,0,0,3.230000019,0,0,0,151,1289,4974,1446
4558609924,5/5/2016,7.010000229,7.010000229,0,1.00999999,0.5,5.510000229,0,14,8,370,1048,10611,2262
2347167796,4/12/2016,6.829999924,6.829999924,0,2,0.620000005,4.199999809,0,28,13,320,964,10113,2344
4020332650,5/3/2016,3.220000029,3.220000029,0,0,0,3.150000095,0.050000001,0,0,174,950,4496,2828
1644430081,5/6/2016,7.119999886,7.119999886,0,0.819999993,0.270000011,6.010000229,0.02,11,6,369,1054,9787,3328
2026352035,5/7/2016,2.599999905,2.599999905,0,0,0,2.599999905,0,0,0,229,665,4193,1491
1644430081,4/20/2016,1.769999981,1.769999981,0,0,0,1.75999999,0.01,0,0,125,1315,2436,2430
2022484408,4/23/2016,4.210000038,4.210000038,0,0,0,4.210000038,0,0,0,249,1191,6001,2069
3977333714,4/23/2016,8.069999695,8.069999695,0,0,4.21999979,3.849999905,0,0,92,252,724,12058,1638
2022484408,4/16/2016,7.090000153,7.090000153,0,3.150000095,0.550000012,3.390000105,0,41,11,151,1237,10100,2177
6290855005,4/23/2016,0,0,0,0,0,0,0,33,0,0,1407,0,2664
4445114986,4/20/2016,1.389999986,1.389999986,0,0,0,1.389999986,0,0,0,137,841,2072,1974
4020332650,4/18/2016,0.039999999,0.039999999,0,0,0,0.039999999,0,0,0,2,1438,62,1995
8378563200,5/7/2016,3.539999962,3.539999962,0,0,0,3.539999962,0,0,0,158,851,4468,2799
6117666160,4/19/2016,8.409999847,8.409999847,0,0,0,8.409999847,0,0,0,480,425,11135,2606
6117666160,4/13/2016,0,0,0,0,0,0,0,0,0,0,1440,0,1496
1644430081,4/26/2016,7.210000038,7.210000038,0,0.800000012,1.720000029,4.690000057,0,11,41,223,1165,9919,3123
4445114986,5/6/2016,3.029999971,3.029999971,0,0,0,3.029999971,0,0,0,229,809,4514,2211
5577150313,5/5/2016,5.639999866,5.639999866,0,2.5,0.469999999,2.670000076,0,45,21,143,1153,7550,3004
8583815059,4/20/2016,4.110000134,4.110000134,0,0,1.039999962,3.069999933,0,0,27,167,1246,5273,2647
2347167796,4/19/2016,4.440000057,4.440000057,0,0,0,4.440000057,0,0,7,382,648,6711,2346
4388161847,4/23/2016,10.18000031,10.18000031,0,4.5,0.319999993,5.349999905,0,58,5,215,749,13236,3306
5577150313,5/10/2016,6.650000095,6.650000095,0,2.559999943,0.75,3.349999905,0,104,37,194,639,8869,3841
1844505072,4/27/2016,0,0,0,0,0,0,0,0,0,1,1439,4,1348
8253242879,4/20/2016,4.269999981,4.269999981,0,0.330000013,0.819999993,3.109999895,0.01,5,18,216,1201,6466,1931
4702921684,5/12/2016,2.230000019,2.230000019,0,0,0,2.230000019,0,0,0,68,241,2752,1240
8583815059,5/6/2016,4.559999943,4.559999943,0,0.140000001,1.190000057,3.230000019,0,2,22,166,1250,5843,2683
7007744171,4/23/2016,5.409999847,5.409999847,0,0.129999995,1.129999995,4.150000095,0,2,25,223,1190,8093,2284
7086361926,4/24/2016,2.160000086,2.160000086,0,0,0,2.150000095,0,0,0,125,566,3520,2049
6117666160,4/14/2016,0,0,0,0,0,0,0,0,0,0,1440,0,1496
6290855005,5/9/2016,4.75,4.75,0,0,0,4.730000019,0.02,0,0,264,800,6277,2175
6290855005,4/18/2016,5.210000038,5.210000038,0,0,0,5.190000057,0.02,0,0,271,1169,6885,2766
3372868164,4/25/2016,4.090000153,4.090000153,0,0,0,4.090000153,0,0,0,416,1024,5995,2010
8877689391,4/28/2016,11.30000019,11.30000019,0,4.929999828,0.379999995,5.96999979,0,58,8,231,1143,14890,3060
2022484408,4/26/2016,7.190000057,7.190000057,0,1.429999948,0.660000026,5.110000134,0,55,24,275,1086,10119,2793
1844505072,4/16/2016,2.25999999,2.25999999,0,0,0,2.25999999,0,0,0,147,1293,3414,1657
3977333714,4/15/2016,6.059999943,6.059999943,0,1.049999952,1.75,3.25999999,0,15,42,183,644,9010,1468
3977333714,4/19/2016,8.779999733,8.779999733,0,2.24000001,2.450000048,3.960000038,0,19,67,221,738,12414,1638
6775888955,5/6/2016,3.369999886,3.369999886,0,0.469999999,0.930000007,1.929999948,0,12,35,75,1318,4697,2496
4702921684,4/28/2016,7.320000172,7.320000172,0,1.129999995,0.419999987,5.769999981,0,14,9,232,738,9023,3033
2026352035,5/6/2016,5.079999924,5.079999924,0,0,0,5.079999924,0,0,0,383,511,8198,1736
1644430081,4/17/2016,6.369999886,6.369999886,0,2.25,0.569999993,3.549999952,0,29,13,186,1212,8757,3011
3977333714,4/29/2016,7.75,7.75,0,3.74000001,1.299999952,2.710000038,0,36,32,150,744,10645,1545
8792009665,4/15/2016,1.590000033,1.590000033,0,0,0,1.590000033,0,0,0,126,937,2483,2009
2347167796,4/15/2016,6.920000076,6.920000076,0,0.07,1.419999957,5.429999828,0,1,24,284,720,10465,2133
4057192912,4/12/2016,4.03000021,4.03000021,0,0,0,3.940000057,0,0,0,164,1276,5394,2286
3372868164,4/26/2016,5.789999962,5.789999962,0,1.850000024,0.050000001,3.869999886,0.01,22,2,333,1083,8283,2057
6775888955,4/30/2016,1.789999962,1.789999962,0,0.159999996,0.159999996,1.480000019,0,3,9,84,1344,2503,2280
4558609924,5/2/2016,5.21999979,5.21999979,0,0,0,5.21999979,0,0,0,383,1057,7891,2066
5577150313,4/14/2016,6.420000076,6.420000076,0,3.329999924,0.310000002,2.779999971,0,118,30,176,662,8596,4022
2873212765,5/7/2016,3.380000114,3.380000114,0,2.279999971,0.550000012,0.550000012,0,75,11,52,1302,4940,1897
4558609924,5/3/2016,3.480000019,3.480000019,0,0.600000024,0.280000001,2.599999905,0,21,10,237,1172,5267,1953
5577150313,4/27/2016,5.139999866,5.139999866,0,1.809999943,0.400000006,2.930000067,0,63,16,190,773,6805,3294
4702921684,4/25/2016,7.429999828,7.429999828,0,0.49000001,0.819999993,6.110000134,0,6,15,270,730,9167,3064
6775888955,4/22/2016,0.460000008,0.460000008,0,0,0,0.460000008,0,0,0,20,1420,637,1922
2320127002,5/5/2016,3.50999999,3.50999999,0,0,0.389999986,3.109999895,0,0,11,223,1206,5202,1780
6962181067,5/12/2016,2.369999886,2.369999886,0,0,0.25,2.109999895,0,0,8,105,127,3587,928
4020332650,4/21/2016,0,0,0,0,0,0,0,0,0,0,1440,0,1980
8877689391,4/22/2016,16.30999947,16.30999947,0,10.22999954,0.029999999,5.96999979,0.050000001,61,2,236,1141,18258,3427
1644430081,4/22/2016,2.670000076,2.670000076,0,0,0,2.660000086,0.01,0,0,86,1354,3673,2344
8877689391,5/8/2016,8.109999657,8.109999657,0,1.080000043,0.200000003,6.800000191,0,17,4,245,1174,10686,2847
1624580081,4/25/2016,4.21999979,4.21999979,0,0,0,4.199999809,0.02,0,0,202,1238,6497,1492
4558609924,4/15/2016,5.150000095,5.150000095,0,0.589999974,0.839999974,3.730000019,0,17,30,262,1131,7795,2121
5577150313,5/2/2016,5.559999943,5.559999943,0,1.120000005,0.349999994,4.070000172,0,37,20,235,732,7439,3014
2320127002,5/1/2016,0.519999981,0.519999981,0,0,0,0.519999981,0,0,0,40,1400,772,1403
3977333714,4/28/2016,4.880000114,4.880000114,0,1.370000005,0.289999992,3.220000029,0,15,8,190,804,7114,1407
3372868164,4/18/2016,4.639999866,4.639999866,0,1.080000043,0.200000003,3.349999905,0,20,7,343,1070,6798,2014
4702921684,4/19/2016,5.440000057,5.440000057,0,0.879999995,0.370000005,4.190000057,0,10,8,179,757,6708,2812
6962181067,4/21/2016,9.710000038,7.880000114,4.081692219,3.99000001,2.099999905,3.50999999,0.109999999,53,27,214,708,11835,2179
3372868164,4/22/2016,2.619999886,2.619999886,0,0,0,2.609999895,0.01,0,0,206,1234,3843,1669
4020332650,5/6/2016,3.130000114,3.130000114,0,0,0,3.099999905,0.01,0,0,177,855,4369,2704
6117666160,4/18/2016,3.910000086,3.910000086,0,0,0,3.890000105,0,0,0,241,759,5153,2018
2320127002,5/10/2016,4.199999809,4.199999809,0,0,0,4.199999809,0,0,0,290,1150,6227,1899
4445114986,5/4/2016,1.960000038,1.960000038,0,0,0,1.960000038,0,0,0,180,897,2923,2070
6962181067,4/24/2016,3.319999933,3.319999933,0,0,0,3.319999933,0,0,0,199,720,5029,1705
2873212765,4/28/2016,5.409999847,5.409999847,0,2.160000086,0.340000004,2.910000086,0,28,7,213,1192,7913,1835
8053475328,4/18/2016,12.65999985,12.65999985,0,9.079999924,0.230000004,3.349999905,0,102,6,195,1137,17076,3133
8792009665,4/14/2016,0.779999971,0.779999971,0,0,0,0.779999971,0,0,0,84,853,1219,1963
3372868164,4/15/2016,5.079999924,5.079999924,0,0,0,5.059999943,0.02,0,0,335,1105,7451,1908
2873212765,4/13/2016,5.119999886,5.119999886,0,0,0.219999999,4.880000114,0.02,0,8,404,1028,7618,2004
1624580081,5/11/2016,2.039999962,2.039999962,0,0,0,2.039999962,0,0,0,112,1328,3134,1359
6962181067,4/17/2016,6.710000038,6.710000038,0,0.330000013,0.680000007,5.690000057,0,5,13,295,634,10145,2027
4388161847,4/26/2016,7.28000021,7.28000021,0,0.939999998,1.059999943,5.269999981,0,14,23,224,673,9461,2929
6290855005,4/22/2016,4.71999979,4.71999979,0,0,0,4.71999979,0,0,0,302,1138,6238,2796
2026352035,5/5/2016,7.539999962,7.539999962,0,0,0,7.539999962,0,0,0,475,479,12167,1926
4558609924,4/17/2016,6.400000095,6.400000095,0,0.550000012,1.139999986,4.710000038,0,7,19,304,1110,9634,2117
4388161847,5/6/2016,10.13000011,10.13000011,0,2.109999895,2.089999914,5.929999828,0,33,45,262,1100,13175,3425
1644430081,4/16/2016,11.11999989,11.11999989,0,4.099999905,1.879999995,5.090000153,0,51,42,212,1135,15300,3493
8253242879,4/26/2016,3.039999962,3.039999962,0,1.179999948,0.49000001,1.370000005,0,19,14,108,1299,4562,1813
6962181067,4/27/2016,6.820000172,6.820000172,0,0.550000012,2.019999981,4.25,0,7,38,279,697,10320,2034
7007744171,4/15/2016,3.529999971,3.529999971,0,0,0,3.529999971,0,0,0,202,1238,5273,2098
7086361926,4/26/2016,7.070000172,7.070000172,0,4.159999847,0.769999981,2.119999886,0,70,33,132,726,10387,2781
2026352035,4/19/2016,1.5,1.5,0,0,0,1.5,0,0,0,141,785,2424,1356
4319703577,5/5/2016,9.489999771,9.489999771,0,2.630000114,1.409999967,5.449999809,0,27,34,328,957,13658,2530
4558609924,4/28/2016,6.25,6.25,0,0.02,0.270000011,5.949999809,0,1,11,367,985,9451,2185
7086361926,5/6/2016,8.380000114,8.380000114,0,3.819999933,1.429999948,3.119999886,0,84,35,154,834,12461,2924
4702921684,4/20/2016,7.130000114,7.130000114,0,0.159999996,1.230000019,5.730000019,0,2,29,260,717,8793,3061
8583815059,4/27/2016,9.729999542,9.729999542,0,6.599999905,0.270000011,2.869999886,0,77,5,129,1229,12474,3142
8378563200,4/29/2016,4.900000095,4.900000095,0,0.25,0.360000014,4.269999981,0,3,7,172,767,6175,2982
2026352035,4/26/2016,3.680000067,3.680000067,0,0,0,3.680000067,0,0,0,288,1018,5933,1595
7007744171,4/29/2016,14.30000019,13.42000008,4.911146164,4.309999943,2.049999952,7.949999809,0,55,42,382,961,20067,3180
1844505072,5/10/2016,0,0,0,0,0,0,0,0,0,0,1440,0,1347
1844505072,4/30/2016,2.670000076,2.670000076,0,0,0,2.650000095,0,0,0,184,218,4014,1763
7086361926,4/14/2016,6.119999886,6.119999886,0,2.029999971,0.330000013,3.660000086,0,35,32,189,787,9123,2734
2347167796,4/24/2016,6.260000229,6.260000229,0,0,0,6.260000229,0,0,0,360,584,9471,2187
5577150313,4/29/2016,5.920000076,5.920000076,0,2.839999914,0.610000014,2.470000029,0,97,36,165,739,7924,3544
8253242879,4/22/2016,1.870000005,1.870000005,0,0,0,1.870000005,0,0,0,120,1320,2824,1651
2873212765,5/9/2016,5.190000057,5.190000057,0,0,0,5.190000057,0,0,0,345,1095,7726,1906
8792009665,4/21/2016,0.090000004,0.090000004,0,0,0,0.090000004,0,0,0,9,1431,144,1720
2026352035,4/25/2016,3.730000019,3.730000019,0,0,0,3.730000019,0,0,0,260,821,6017,1576
2873212765,4/22/2016,4.900000095,4.900000095,0,0.460000008,0,4.420000076,0.02,46,0,366,1028,7286,2241
4020332650,4/16/2016,1.419999957,1.419999957,0,0.449999988,0.370000005,0.589999974,0,65,21,55,1222,1982,3051
8583815059,5/1/2016,3.519999981,3.519999981,0,0.779999971,0.119999997,2.039999962,0,10,2,117,1311,4512,2596
5577150313,4/30/2016,9.239999771,9.239999771,0,5.829999924,0.790000021,2.609999895,0,207,45,163,621,12363,4501
3977333714,4/22/2016,5.960000038,5.960000038,0,2.329999924,0.579999983,3.059999943,0,33,12,188,731,8911,1481
1927972279,4/26/2016,2.599999905,2.599999905,0,0,0,2.599999905,0,0,0,192,1058,3761,2638
8877689391,4/21/2016,17.62000084,17.62000084,0,12.28999996,0.419999987,4.889999866,0,82,13,226,1119,19377,3659
3372868164,4/30/2016,3.579999924,3.579999924,0,1.059999943,0.090000004,2.420000076,0.01,17,4,300,1119,5250,1946
4445114986,5/1/2016,3.50999999,3.50999999,0,0,0,3.50999999,0,0,0,240,741,5232,2246
8583815059,4/14/2016,2.450000048,2.450000048,0,0,0,2.430000067,0,0,0,134,1306,3135,2443
4319703577,4/25/2016,6.210000038,6.210000038,0,0,0.280000001,5.929999828,0,0,8,390,544,9259,2314
4702921684,4/26/2016,4.949999809,4.949999809,0,0.07,0.349999994,4.539999962,0,1,8,216,765,6108,2784
4702921684,5/11/2016,7.960000038,7.960000038,0,0.779999971,2.160000086,4.980000019,0,10,41,235,784,9810,3069
2873212765,5/11/2016,4.329999924,4.329999924,0,0,0,4.320000172,0.01,0,0,319,1121,6440,1826
5553957443,4/14/2016,11.11999989,11.11999989,0,4,2.450000048,4.670000076,0,61,41,256,693,17022,2324
4388161847,4/12/2016,7.78000021,7.78000021,0,0,0,0,0,0,0,0,1440,10122,2955
1644430081,4/28/2016,6.840000153,6.840000153,0,0.200000003,2.319999933,4.309999943,0,3,53,227,1157,9405,3108
2347167796,4/25/2016,6.380000114,6.380000114,0,1.269999981,0.519999981,4.599999905,0,15,11,277,653,9482,2095
2320127002,4/27/2016,1.159999967,1.159999967,0,0,0,1.159999967,0,0,0,82,1358,1715,1481
8053475328,4/21/2016,12.51000023,12.51000023,0,9.670000076,0.25,2.579999924,0,100,6,170,1164,16057,3103
5553957443,4/20/2016,1.769999981,1.769999981,0,0,0,1.769999981,0,0,0,148,598,2713,1570
6117666160,4/17/2016,5.400000095,5.400000095,0,0,0,5.400000095,0,0,0,312,702,7150,2225
4702921684,5/2/2016,5.920000076,5.920000076,0,0.379999995,1.74000001,3.75999999,0,5,40,195,1131,7245,2859
4388161847,5/2/2016,8.399999619,8.399999619,0,3.769999981,0.079999998,4.550000191,0,33,4,204,935,10096,3147
1644430081,4/15/2016,3.829999924,3.829999924,0,0.219999999,0.150000006,3.450000048,0,3,4,170,1263,5263,2750
1927972279,4/30/2016,0,0,0,0,0,0,0,0,0,0,1440,0,2064
4020332650,4/29/2016,0,0,0,0,0,0,0,0,0,0,1440,0,1980
4020332650,4/12/2016,6.119999886,6.119999886,0,0.150000006,0.239999995,5.679999828,0,4,15,331,712,8539,3654
4702921684,5/8/2016,10.43000031,10.43000031,0,0.680000007,6.210000038,3.539999962,0,9,125,192,1019,12857,3287
8792009665,4/13/2016,0.839999974,0.839999974,0,0,0,0.839999974,0,0,0,82,806,1320,1934
8378563200,4/22/2016,9.670000076,9.670000076,2.092147112,4.909999847,0.589999974,4.179999828,0,113,12,159,769,12200,4044
3977333714,5/10/2016,8.779999733,8.779999733,0,0.07,5.400000095,3.309999943,0,1,115,196,676,13072,1630
4319703577,4/29/2016,5.360000134,5.360000134,0,0.449999988,0.790000021,4.119999886,0,6,18,289,624,7990,2175
4020332650,4/23/2016,0,0,0,0,0,0,0,0,0,0,1440,0,1980
2347167796,4/26/2016,3.950000048,3.950000048,0,0,0,3.950000048,0,0,0,227,732,5980,1861
1624580081,4/30/2016,4.300000191,4.300000191,0,0.899999976,1.279999971,2.119999886,0.01,11,23,224,1182,6474,1655
6962181067,4/14/2016,1.029999971,1.029999971,0,0,0,1.029999971,0,0,0,86,862,1551,1466
7007744171,5/6/2016,7.670000076,7.670000076,0,3,0.810000002,3.859999895,0,44,13,247,1136,11459,2553
2320127002,4/14/2016,2.680000067,2.680000067,0,0,0,2.680000067,0,0,0,191,1249,3973,1696
8378563200,5/11/2016,7.25,7.25,2.092147112,1.389999986,0.589999974,5.269999981,0,72,10,184,763,9143,3788
4558609924,4/21/2016,9.079999924,9.079999924,0,0.419999987,0.970000029,7.699999809,0,6,21,432,844,13743,2486
3372868164,4/14/2016,6.03000021,6.03000021,0,0.340000004,1.029999971,4.650000095,0.01,6,25,370,1039,8844,2065
8877689391,5/7/2016,8.130000114,8.130000114,0,0.079999998,0.959999979,6.989999771,0,105,28,271,1036,12332,4142
6775888955,5/5/2016,0,0,0,0,0,0,0,0,0,0,1440,0,1841
5553957443,4/15/2016,10.85999966,10.85999966,0,4.159999847,1.980000019,4.710000038,0,58,38,239,689,16556,2254
1624580081,4/14/2016,5.920000076,5.920000076,0,0,0,5.909999847,0.01,0,0,236,1204,9107,1572
1624580081,4/12/2016,5.309999943,5.309999943,0,0,0,5.309999943,0,0,0,146,1294,8163,1432
8877689391,5/6/2016,19.34000015,19.34000015,0,12.78999996,0.289999992,6.159999847,0,96,17,232,1095,21727,4015
4388161847,5/12/2016,2.589999914,2.589999914,0,0,0,2.589999914,0,0,0,108,825,3369,1623
2873212765,4/27/2016,2.359999895,2.359999895,0,0,0,2.359999895,0,46,0,197,1197,3516,1966
6775888955,4/25/2016,4.639999866,4.639999866,0,2.269999981,0.460000008,1.899999976,0,33,13,92,1302,6474,2484
2873212765,4/12/2016,5.909999847,5.909999847,0,0.109999999,0.930000007,4.880000114,0,2,21,356,1061,8796,1982
1844505072,4/29/2016,3.25,3.25,0,0,0,3.25,0,0,0,247,1082,4920,1856
1644430081,4/27/2016,2.200000048,2.200000048,0,0,0,2.200000048,0,0,0,118,1322,3032,2489
2026352035,5/10/2016,0.159999996,0.159999996,0,0,0,0.159999996,0,0,0,17,1002,254,1141
7086361926,4/30/2016,9.409999847,9.409999847,0,3.119999886,1.039999962,5.239999771,0,42,17,308,584,14560,2995
1644430081,5/2/2016,2.730000019,2.730000019,0,0.07,0.310000002,2.349999905,0,1,7,148,682,3758,2580
8877689391,5/4/2016,16.29999924,16.29999924,0,10.42000008,0.310000002,5.53000021,0,66,8,212,1154,18193,3477
7086361926,4/16/2016,0.01,0.01,0,0,0,0.01,0,0,0,3,1437,31,1635
8877689391,4/29/2016,7.389999866,7.389999866,0,1.379999995,0.170000002,5.789999962,0,18,5,210,1207,9733,2698
8583815059,5/10/2016,6.429999828,6.429999828,0,0.689999998,2.00999999,3.720000029,0,9,43,162,1226,8240,2846
1503960366,4/14/2016,6.739999771,6.739999771,0,2.440000057,0.400000006,3.910000086,0,30,11,181,1218,10460,1776
1844505072,4/21/2016,5.320000172,5.320000172,0,0.119999997,0.519999981,4.679999828,0,2,13,308,1117,8054,2062
7086361926,5/10/2016,10.78999996,10.78999996,0,7.110000134,1.200000048,2.450000048,0,72,23,106,1182,14433,2800
8877689391,4/17/2016,8.869999886,8.869999886,0,0,0.07,8.789999962,0,58,15,307,1060,15118,3545
4702921684,5/6/2016,5.630000114,5.630000114,0,0.079999998,0.660000026,4.869999886,0,1,16,207,682,6943,2859
1503960366,4/17/2016,6.480000019,6.480000019,0,3.190000057,0.779999971,2.50999999,0,38,20,164,539,9705,1728
1624580081,5/5/2016,1.610000014,1.610000014,0,0,0,1.580000043,0.02,0,0,117,1323,2470,1370
4388161847,5/10/2016,7.920000076,7.920000076,0,0.810000002,0.649999976,6.460000038,0,13,14,267,648,10299,3061
6117666160,5/7/2016,5.539999962,5.539999962,0,0,0,5.539999962,0,0,0,412,456,7336,2469
4702921684,4/30/2016,8.229999542,8.229999542,0,0.319999993,2.029999971,5.880000114,0,4,36,263,728,10144,3115
8253242879,4/23/2016,6.260000229,6.260000229,0,2.089999914,1.039999962,3.130000114,0,30,26,191,1193,9282,2132
1844505072,4/17/2016,2.99000001,2.99000001,0,0.140000001,0.25999999,2.589999914,0,2,8,199,1231,4525,1793
8053475328,4/14/2016,15.97000027,15.97000027,0,12.34000015,0.209999993,3.359999895,0,119,5,193,1123,20159,3411
6290855005,4/15/2016,7.179999828,7.179999828,0,0,0,7.170000076,0.01,0,0,328,1112,9501,2896
2026352035,5/12/2016,5.510000229,5.510000229,0,0,0,5.510000229,0,0,0,343,330,8891,1364
5577150313,5/11/2016,3.039999962,3.039999962,0,1.830000043,0.300000012,0.889999986,0,45,15,63,257,4038,1665
8792009665,5/2/2016,1.169999957,1.169999957,0,0,0,1.169999957,0,0,0,101,916,1831,2015
8378563200,4/16/2016,8.890000343,8.890000343,0,5.369999886,1.070000052,2.440000057,0,64,21,142,563,11207,3363
8378563200,5/8/2016,2.329999924,2.329999924,0,0,0,2.329999924,0,0,0,139,621,2943,2685
1503960366,5/7/2016,7.710000038,7.710000038,0,2.460000038,2.119999886,3.130000114,0,37,46,175,833,11992,1821
1644430081,5/4/2016,1.679999948,1.679999948,0,0,0,1.659999967,0.02,0,0,52,1388,2309,2222
1503960366,4/22/2016,8.130000114,8.130000114,0,4.760000229,1.120000005,2.24000001,0,66,27,130,1217,12764,1827
4020332650,4/27/2016,0,0,0,0,0,0,0,0,0,0,1440,0,1980
3977333714,4/27/2016,5.039999962,5.039999962,0,0,0.419999987,4.619999886,0,0,10,176,714,7193,1377
4388161847,4/22/2016,9.340000153,9.340000153,0,3.299999952,1.110000014,4.920000076,0,77,25,220,945,12139,3544
4558609924,5/9/2016,7.570000172,7.570000172,0,0.430000007,1.620000005,5.519999981,0,6,30,339,1065,11451,2223
4388161847,4/28/2016,7.75,7.75,0,1.289999962,0.430000007,6.03000021,0,19,9,234,878,10074,2969
1844505072,5/8/2016,0,0,0,0,0,0,0,0,0,0,1440,0,1347
8583815059,5/9/2016,7.699999809,7.699999809,0,5.760000229,0.170000002,1.730000019,0,66,4,110,1260,9877,2947
3977333714,5/8/2016,9.090000153,9.090000153,0,0.680000007,5.239999771,3.170000076,0,9,116,171,688,13585,1633
1503960366,5/11/2016,8.130000114,8.130000114,0,2.559999943,1.00999999,4.550000191,0,36,23,251,669,12770,1783
1624580081,5/6/2016,1.120000005,1.120000005,0,0,0,1.120000005,0.01,0,0,102,1338,1727,1341
4445114986,4/25/2016,2.269999981,2.269999981,0,0,0,2.269999981,0,0,0,179,916,3385,2070
3977333714,4/12/2016,5.980000019,5.980000019,0,3.059999943,0.910000026,2.00999999,0,44,19,131,777,8856,1450
8792009665,5/6/2016,0,0,0,0,0,0,0,0,0,0,1440,0,1688
8378563200,5/9/2016,6.650000095,6.650000095,2.092147112,1.269999981,0.660000026,4.71999979,0,71,13,171,772,8382,3721
2026352035,4/23/2016,7.710000038,7.710000038,0,0,0,7.710000038,0,0,0,432,458,12357,1916
8583815059,4/13/2016,4.349999905,4.349999905,0,0.150000006,0.970000029,3.230000019,0,2,23,163,1252,5571,2654
1644430081,5/1/2016,4.460000038,4.460000038,0,0.239999995,0.99000001,3.230000019,0,3,24,146,908,6132,2696
8378563200,4/14/2016,10.56000042,10.56000042,2.253081083,5.619999886,1.029999971,3.910000086,0,123,21,174,699,13318,4163
4319703577,5/9/2016,6.960000038,6.960000038,0,0.140000001,0.560000002,6.25,0,2,14,374,490,10378,2345
5577150313,4/25/2016,4.78000021,4.78000021,0,1.350000024,0.670000017,2.75999999,0,61,38,214,743,6393,3374
8378563200,5/1/2016,9.06000042,9.06000042,0,6.03000021,0.560000002,2.470000029,0,71,10,127,669,11419,3369
8378563200,4/18/2016,10.81000042,10.81000042,2.092147112,5.050000191,0.560000002,5.199999809,0,117,10,174,720,13630,4157
4445114986,4/17/2016,1.519999981,1.519999981,0,0,0,1.519999981,0,0,0,114,1219,2268,1933
2026352035,5/1/2016,2.279999971,2.279999971,0,0,0,2.279999971,0,0,0,191,716,3609,1447
2026352035,5/8/2016,3.450000048,3.450000048,0,0,0,3.450000048,0,0,0,258,610,5528,1555
8792009665,4/22/2016,2.599999905,2.599999905,0,0.050000001,0.280000001,2.269999981,0,1,20,195,817,4068,2419
6775888955,5/1/2016,1.779999971,1.779999971,0,0.479999989,0.620000005,0.680000007,0,9,34,50,1347,2487,2319
3372868164,4/27/2016,5.420000076,5.420000076,0,1.580000043,0.629999995,3.190000057,0.01,24,13,346,1057,7904,2095
8792009665,5/4/2016,1.460000038,1.460000038,0,0,0,1.460000038,0,0,0,129,848,2283,2067
5553957443,5/5/2016,9.510000229,9.510000229,0,3.430000067,1.659999967,4.429999828,0,44,29,241,692,14331,2156
4319703577,4/19/2016,5.989999771,5.989999771,0,0,0,5.989999771,0,0,0,311,604,8925,2200
2320127002,4/23/2016,3.420000076,3.420000076,0,0,0,3.420000076,0,0,0,242,1129,5079,1804
8253242879,4/16/2016,6.139999866,6.139999866,0,0.430000007,3.269999981,2.450000048,0,6,51,115,1268,9256,1880
4388161847,4/25/2016,9.970000267,9.970000267,0,0.730000019,1.399999976,7.840000153,0,11,31,301,1054,12961,3288
6962181067,4/12/2016,6.739999771,6.739999771,0,3.400000095,0.829999983,2.50999999,0,50,14,189,796,10199,1994
8378563200,4/23/2016,4.53000021,4.53000021,0,1.519999981,0.519999981,2.480000019,0,19,10,136,740,5709,2908
8877689391,5/2/2016,3.640000105,3.640000105,0,0,0,3.559999943,0,0,0,105,1335,4790,2189
1624580081,5/10/2016,1.929999948,1.929999948,0,0,0,1.919999957,0.01,0,0,139,1301,2969,1393
4558609924,4/19/2016,3.569999933,3.569999933,0,0.050000001,0.360000014,3.160000086,0,1,9,248,1182,5401,1876
3372868164,4/28/2016,3.75999999,3.75999999,0,0,0,3.75999999,0,0,0,385,1055,5512,1972
6775888955,4/24/2016,1.539999962,1.539999962,0,0.769999981,0.620000005,0.150000006,0,11,18,11,1400,2153,2053
8583815059,5/12/2016,0,0,0,0,0,0,0,0,0,0,1440,0,0
8053475328,5/4/2016,11.14999962,11.14999962,0,8.819999695,0.400000006,1.909999967,0,89,8,123,1220,14581,2918
1503960366,4/19/2016,9.880000114,9.880000114,0,3.529999971,1.320000052,5.03000021,0,50,31,264,775,15506,2035
2022484408,4/13/2016,8.5,8.5,0,2.99000001,0.100000001,5.409999847,0,43,5,292,1100,12024,2601
4388161847,4/29/2016,7.099999905,7.099999905,0,0.800000012,0.889999986,5.420000076,0,13,16,236,1175,9232,2979
7086361926,5/7/2016,8.479999542,8.479999542,0,1.460000038,2.329999924,4.679999828,0,20,42,209,621,12827,2739
4702921684,4/23/2016,12.27000046,12.27000046,0,0.75999999,3.24000001,8.270000458,0,9,66,408,469,15126,3691
7007744171,5/2/2016,9.180000305,8.720000267,2.832325935,4.639999866,0.699999988,3.829999924,0,64,14,250,1112,13041,2642
4702921684,5/7/2016,11.64999962,11.64999962,0,0.370000005,2.309999943,8.970000267,0,5,46,439,577,14370,3683
5553957443,4/17/2016,0.430000007,0.430000007,0,0,0,0.430000007,0,0,0,46,943,655,1397
7086361926,5/5/2016,5.599999905,5.599999905,0,1.779999971,0.829999983,2.950000048,0,24,14,149,1253,8564,2386
8792009665,4/23/2016,3.359999895,3.359999895,0,0.159999996,0.439999998,2.75,0,8,45,232,795,5245,2748
4020332650,4/25/2016,0,0,0,0,0,0,0,0,0,0,1440,0,1980
8792009665,5/3/2016,1.549999952,1.549999952,0,0,0,1.549999952,0,0,0,156,739,2421,2297
5553957443,4/21/2016,8.06000042,8.06000042,0,2.950000048,2.160000086,2.960000038,0,47,42,177,801,12346,2066
4445114986,4/16/2016,2.650000095,2.650000095,0,0,0,2.650000095,0,0,0,225,716,3945,2180
8583815059,4/22/2016,6.78000021,6.78000021,0,0.289999992,2.410000086,4.079999924,0,4,54,212,1170,8687,2944
4445114986,5/7/2016,3.589999914,3.589999914,0,2.130000114,0.189999998,1.25,0,26,4,108,866,5183,2123
2320127002,4/24/2016,2.809999943,2.809999943,0,0,0,2.799999952,0,0,0,204,1236,4165,1725
3372868164,4/21/2016,6.070000172,6.070000172,0,1.149999976,0.25999999,4.639999866,0.01,18,9,376,1037,8857,2124
6962181067,4/16/2016,8.739999771,8.739999771,0,3.660000086,0.189999998,4.880000114,0,50,3,280,741,13217,2173
2026352035,5/9/2016,6.619999886,6.619999886,0,0,0,6.599999905,0,0,0,401,543,10685,1869
1644430081,4/29/2016,2.309999943,2.309999943,0,0,0,2.309999943,0,0,0,120,1193,3176,2498
1927972279,5/7/2016,1.039999962,1.039999962,0,0,0,1.039999962,0,0,0,48,1392,1510,2229
3977333714,4/14/2016,5.110000134,5.110000134,0,0.319999993,0.970000029,3.819999933,0,5,23,214,801,7641,1433
8877689391,5/11/2016,19.55999947,19.55999947,0,13.22000027,0.409999996,5.889999866,0,88,12,213,1127,21420,3832
3372868164,4/12/2016,3.24000001,3.24000001,0,0,0,3.230000019,0.01,0,0,280,1160,4747,1788
4388161847,4/17/2016,3.579999924,3.579999924,0,0,0,3.579999924,0,0,0,201,721,4660,2572
3372868164,4/23/2016,5.070000172,5.070000172,0,1.399999976,0.079999998,3.579999924,0,20,2,303,1115,7396,1995
1927972279,4/22/2016,0.100000001,0.100000001,0,0,0,0.100000001,0,0,0,10,1430,149,2093
4702921684,4/21/2016,5.300000191,5.300000191,0,0.310000002,2.049999952,2.940000057,0,4,41,144,901,6530,2729
5577150313,4/13/2016,3.789999962,3.789999962,0,0.319999993,0.219999999,3.25,0,15,11,144,776,5077,2551
4057192912,4/15/2016,2.950000048,2.950000048,0,0.209999993,0.25999999,2.440000057,0,3,6,88,873,3984,1527
4702921684,4/13/2016,5.579999924,5.579999924,0,0,0,5.579999924,0,0,0,258,777,6877,2898
6775888955,4/20/2016,7.71999979,7.71999979,0,3.769999981,1.74000001,2.220000029,0,70,113,178,1079,10771,3727
8583815059,4/28/2016,4.820000172,4.820000172,0,0,1.200000048,3.609999895,0,0,28,203,1209,6174,2757
6290855005,5/10/2016,0,0,0,0,0,0,0,0,0,0,1440,0,0
5553957443,4/27/2016,6.880000114,6.880000114,0,1.139999986,1,4.739999771,0,16,16,206,745,10538,1922
4319703577,5/10/2016,6.369999886,6.369999886,0,0.209999993,0.460000008,5.699999809,0,3,12,329,555,9487,2260
3977333714,4/17/2016,6.96999979,6.96999979,0,0.699999988,2.349999905,3.920000076,0,11,58,205,600,10415,1529
2022484408,4/30/2016,12.90999985,12.90999985,0,0.939999998,1.399999976,10.56999969,0,13,23,361,1043,18387,2732
8053475328,4/25/2016,15.68999958,15.68999958,0,11.36999989,0.460000008,3.859999895,0,118,9,209,1104,20500,3403
8378563200,4/13/2016,9.819999695,9.819999695,2.092147112,4.960000038,0.649999976,4.210000038,0,116,14,169,680,12386,4079
4020332650,4/28/2016,0,0,0,0,0,0,0,0,0,0,1440,0,1980
8378563200,5/10/2016,5.21999979,5.21999979,2.253081083,0.660000026,0.639999986,3.920000076,0,63,13,152,840,6582,3586
1644430081,5/10/2016,6.659999847,6.659999847,0,0.879999995,0.810000002,4.96999979,0.01,12,19,155,1254,9167,2799
8792009665,4/12/2016,1.639999986,1.639999986,0,0,0,1.639999986,0,0,0,116,831,2564,2044
2022484408,5/9/2016,9.390000343,9.390000343,0,2.119999886,1.629999995,5.639999866,0,35,47,297,1061,13379,2709
2873212765,4/21/2016,5.980000019,5.980000019,0,0.129999995,0.370000005,5.46999979,0.01,2,10,371,1057,8859,1970
8378563200,5/3/2016,6.909999847,6.909999847,2.253081083,1.340000033,1.059999943,4.5,0,71,20,195,822,8712,3784
1644430081,4/19/2016,8.180000305,8.180000305,0,0.360000014,2.529999971,5.300000191,0,5,58,278,1099,11256,3300
2873212765,5/8/2016,5.539999962,5.539999962,0,2.900000095,0,2.640000105,0,46,0,326,1068,8168,2096
1927972279,4/20/2016,0,0,0,0,0,0,0,0,0,0,1440,0,2063
3372868164,4/16/2016,4.730000019,4.730000019,0,0,0,4.699999809,0.029999999,0,0,356,1084,6905,1908
4020332650,5/1/2016,0,0,0,0,0,0,0,0,0,0,1440,0,1980
1927972279,5/3/2016,0.920000017,0.920000017,0,0.730000019,0,0.180000007,0,10,0,17,1413,1326,2195
1927972279,4/24/2016,1.450000048,1.450000048,0,0.07,0.239999995,1.139999986,0,1,6,75,1358,2090,2324
2022484408,4/22/2016,9.329999924,9.329999924,0,4.429999828,0.419999987,4.46999979,0,52,10,273,1105,12954,2638
1503960366,5/10/2016,7.769999981,7.769999981,0,3.349999905,1.159999967,3.25999999,0,46,31,214,746,12207,1859
4702921684,5/3/2016,7.670000076,7.670000076,0,0,0,7.670000076,0,0,0,313,729,9454,3145
2026352035,4/20/2016,4.480000019,4.480000019,0,0,0,4.480000019,0,0,0,327,623,7222,1667
6117666160,5/3/2016,0,0,0,0,0,0,0,0,0,0,1440,0,1496
6117666160,4/12/2016,0,0,0,0,0,0,0,0,0,0,1440,0,1496
2022484408,4/27/2016,7.130000114,7.130000114,0,1.039999962,0.970000029,5.119999886,0,19,20,282,1119,10159,2463
4388161847,4/20/2016,8.119999886,8.119999886,0,1.100000024,1.720000029,5.289999962,0,19,42,228,696,10553,3083
1927972279,4/29/2016,0,0,0,0,0,0,0,0,0,0,1440,0,2063
2022484408,5/1/2016,7.400000095,7.400000095,0,1.940000057,0.959999979,4.5,0,25,28,245,1142,10538,2380
1503960366,4/18/2016,8.590000153,8.590000153,0,3.25,0.639999986,4.710000038,0,42,16,233,1149,13019,1921
6117666160,4/16/2016,10.90999985,10.90999985,0,0.579999983,0.850000024,9.479999542,0,7,15,518,502,14450,2828
8053475328,5/7/2016,15.67000008,15.67000008,0,12.43999958,0.879999995,2.349999905,0,121,20,148,1076,19769,3331
1644430081,4/23/2016,4.829999924,4.829999924,0,0,0.579999983,4.25,0,0,15,160,1265,6637,2677
6775888955,4/15/2016,0.920000017,0.920000017,0,0,0,0.920000017,0,0,0,58,976,1282,2127
7007744171,5/1/2016,3.75,3.75,0,0,0,3.75,0,0,0,237,1142,5600,2225
5553957443,4/23/2016,2.690000057,2.690000057,0,0,0,2.680000067,0,0,0,272,443,4112,1776
1927972279,5/4/2016,1.24000001,1.24000001,0,0,0,1.24000001,0,0,0,87,1353,1786,2338
7086361926,4/19/2016,7.289999962,7.289999962,0,3.529999971,1.230000019,2.50999999,0,67,69,124,671,10688,2944
2320127002,4/30/2016,3.079999924,3.079999924,0,0,0,3.069999933,0,0,0,234,1206,4571,1779
2320127002,4/16/2016,3.410000086,3.410000086,0,0,0,3.400000095,0,0,0,195,1245,5057,1724
5553957443,4/25/2016,7.190000057,7.190000057,0,2.930000067,0.569999993,3.690000057,0,51,11,201,732,10946,2033
4388161847,4/30/2016,9.640000343,9.640000343,0,0.699999988,2,6.940000057,0,14,43,300,537,12533,3283
1927972279,4/21/2016,0,0,0,0,0,0,0,0,0,0,1440,0,2064
4702921684,4/14/2016,6.369999886,6.369999886,0,0,0,6.369999886,0,0,0,271,772,7860,2984
4020332650,5/7/2016,4.400000095,4.400000095,0,0,0,3.579999924,0,0,0,184,1256,6132,2975
2026352035,4/12/2016,2.74000001,2.74000001,0,0.189999998,0.349999994,2.200000048,0,3,8,181,706,4414,1459
1624580081,4/22/2016,2.619999886,2.619999886,0,0,0,2.599999905,0,0,0,199,1241,4026,1470
8253242879,4/30/2016,0,0,0,0,0,0,0,0,0,0,1440,0,0
1844505072,4/28/2016,4.570000172,4.570000172,0,0,0,4.559999943,0,0,0,302,1138,6907,1992
4445114986,5/3/2016,5.179999828,5.179999828,0,2.480000019,0.109999999,2.579999924,0,30,2,233,725,7502,2421
1624580081,5/7/2016,1.370000005,1.370000005,0,0,0,1.370000005,0,0,0,182,1258,2104,1474
4020332650,4/17/2016,0.01,0.01,0,0,0,0.01,0,0,0,2,1438,16,1990
4319703577,4/12/2016,5.199999809,5.199999809,0,0,0,0,0,0,0,0,1440,7753,2115
4702921684,5/4/2016,6.619999886,6.619999886,0,0.340000004,0.730000019,5.539999962,0,4,15,251,757,8161,3004
1503960366,5/6/2016,8.029999733,8.029999733,0,1.970000029,0.25,5.809999943,0,24,6,289,754,12159,1896
4319703577,5/12/2016,0.01,0.01,0,0,0,0.01,0,0,0,2,0,17,257
8792009665,4/29/2016,5.349999905,5.349999905,0,0.140000001,0.280000001,4.929999828,0,6,14,380,634,8360,3101
4558609924,4/20/2016,3.170000076,3.170000076,0,0,0,3.170000076,0,0,0,222,1218,4803,1788
3977333714,5/4/2016,9.43999958,9.43999958,0,1.809999943,4.579999924,2.890000105,0,14,96,142,852,13559,1628
1624580081,5/2/2016,4.929999828,4.929999828,0,0.860000014,0.589999974,3.470000029,0,7,6,166,1261,7155,1497
4558609924,4/23/2016,4.550000191,4.550000191,0,0.340000004,0.200000003,4.010000229,0,5,5,308,1122,6890,2085
8583815059,4/25/2016,3.50999999,3.50999999,0,1.470000029,0.239999995,1.809999943,0,18,6,122,1294,4503,2547
5577150313,5/8/2016,0,0,0,0,0,0,0,0,0,0,1440,0,1819
2347167796,4/29/2016,0.029999999,0.029999999,0,0,0,0.029999999,0,0,0,4,2,42,403
8053475328,4/24/2016,17.95000076,17.95000076,0,13.13000011,1.549999952,3.25999999,0,129,33,182,1096,22988,3577
6775888955,4/18/2016,5.949999809,5.949999809,0,2,0.769999981,3.170000076,0,30,31,146,1233,8294,2798
4445114986,4/22/2016,4.579999924,4.579999924,0,0,0,4.579999924,0,0,0,317,706,6831,2432
6962181067,5/8/2016,2.769999981,2.769999981,0,0,0.519999981,2.25,0,0,14,151,709,4188,1659
1503960366,4/30/2016,9.25,9.25,0,3.559999943,1.419999957,4.269999981,0,52,34,217,712,14673,1947
6962181067,4/20/2016,9.550000191,9.550000191,0,4.28000021,0.189999998,5.090000153,0,48,4,297,639,13928,2174
4702921684,5/9/2016,6.679999828,6.679999828,0,0,0.569999993,6.099999905,0,0,12,253,746,8232,2990
7086361926,4/25/2016,6.820000172,6.820000172,0,3.75,0.699999988,2.369999886,0,69,39,129,706,10091,2752
1644430081,5/3/2016,9.340000153,9.340000153,0,0.720000029,4.090000153,4.539999962,0,10,94,221,1115,12850,3324
1624580081,5/12/2016,1.929999948,1.929999948,0,0,0,1.919999957,0.01,0,0,107,890,2971,1002
2873212765,4/19/2016,5.369999886,5.369999886,0,0,0,5.360000134,0,0,0,389,1051,7948,1956
2873212765,5/2/2016,5.059999943,5.059999943,0,0,0.209999993,4.829999924,0.02,0,7,334,1099,7525,1878
4020332650,4/26/2016,0,0,0,0,0,0,0,0,0,0,1440,0,1980
4020332650,4/20/2016,0,0,0,0,0,0,0,0,0,0,1440,0,1980
4445114986,4/18/2016,4.239999771,4.239999771,0,2,0.289999992,1.950000048,0,25,6,162,1247,6155,2248
2873212765,4/25/2016,4.949999809,4.949999809,0,0,0,4.949999809,0,0,0,359,1081,7373,1907
1503960366,4/24/2016,6.409999847,6.409999847,0,2.920000076,0.209999993,3.279999971,0,39,5,238,709,10039,1788
2022484408,5/10/2016,8.979999542,8.979999542,0,2.220000029,1.210000038,5.559999943,0,57,28,271,1084,12798,2797
4020332650,5/4/2016,7.349999905,7.349999905,0,0.670000017,1.039999962,5.579999924,0,13,46,346,531,10252,3879
4388161847,4/24/2016,7.880000114,7.880000114,0,1.080000043,0.50999999,6.300000191,0,14,8,239,584,10243,2885
5577150313,4/21/2016,8.090000153,8.090000153,0,3.650000095,1.659999967,2.779999971,0,110,74,175,670,10830,4018
2320127002,4/19/2016,4.039999962,4.039999962,0,0,0.379999995,3.660000086,0,0,11,228,1201,5997,1811
5553957443,4/12/2016,7.570000172,7.570000172,0,1.370000005,0.790000021,5.409999847,0,19,13,277,767,11596,2026
6775888955,4/13/2016,2.910000086,2.910000086,0,1.110000014,0.579999983,1.220000029,0,17,18,85,1053,4053,2400
4388161847,5/3/2016,9.789999962,9.789999962,0,1.129999995,0.779999971,7.880000114,0,18,18,306,984,12727,3290
7007744171,4/17/2016,5.389999866,5.389999866,0,0,0,5.389999866,0,0,0,305,1135,8059,2383
5577150313,5/4/2016,3.890000105,3.890000105,0,1.559999943,0.25,2.079999924,0,25,9,141,631,5206,2755
5577150313,4/15/2016,9.079999924,9.079999924,0,3.920000076,1.600000024,3.559999943,0,115,54,199,695,12087,4005
2022484408,5/4/2016,8.289999962,8.289999962,0,2.50999999,0.930000007,4.849999905,0,36,27,272,1105,11768,2649
6290855005,4/16/2016,6.28000021,6.28000021,0,0,0,6.269999981,0.01,0,0,258,1182,8301,2783
8877689391,4/18/2016,8.670000076,8.670000076,0,2.440000057,0.270000011,5.940000057,0,29,5,191,1215,11423,2761
6117666160,4/21/2016,15.01000023,15.01000023,0,0.980000019,0.400000006,5.619999886,0,11,19,294,579,19542,4900
2022484408,4/21/2016,8.739999771,8.739999771,0,3.329999924,1.110000014,4.309999943,0,104,53,255,1028,12453,3158
2347167796,4/13/2016,7.010000229,7.010000229,0,1.659999967,1.940000057,3.410000086,0,19,32,195,676,10352,2038
5577150313,5/9/2016,2.559999943,2.559999943,0,1.429999948,0.140000001,0.99000001,0,34,11,70,1099,3421,2489
8378563200,4/24/2016,2.940000057,2.940000057,0,0,0,2.940000057,0,0,0,135,734,3703,2741
4020332650,5/11/2016,2.650000095,2.650000095,0,0.109999999,0.170000002,2.329999924,0,2,8,134,1296,3689,2645
1644430081,4/24/2016,2.410000086,2.410000086,0,0,0,2.410000086,0,0,0,89,1351,3321,2413
1844505072,5/3/2016,2.680000067,2.680000067,0,0,0,2.680000067,0,0,0,184,1256,4059,1742
4702921684,5/10/2016,8.609999657,8.609999657,0,0.079999998,1.879999995,6.650000095,0,1,37,262,701,10613,3172
5553957443,4/24/2016,1.179999948,1.179999948,0,0,0,1.179999948,0,0,0,104,582,1807,1507
4319703577,4/21/2016,2.480000019,2.480000019,0,0,0,0.349999994,0,0,0,34,1265,3702,1792
1844505072,4/24/2016,0,0,0,0,0,0,0,0,0,0,1440,0,1347
1844505072,5/4/2016,1.370000005,1.370000005,0,0,0,1.370000005,0,0,0,87,1353,2080,1549
4319703577,5/6/2016,6.420000076,6.420000076,0,0.409999996,0.469999999,5.460000038,0,6,11,314,692,9524,2266
1844505072,4/12/2016,4.429999828,4.429999828,0,0,0,4.429999828,0,0,0,339,1101,6697,2030
4702921684,5/5/2016,6.989999771,6.989999771,0,0.670000017,0.219999999,6.090000153,0,8,5,241,745,8614,3006
1644430081,5/9/2016,4.829999924,4.829999924,0,2.390000105,0.349999994,2.089999914,0.01,32,6,303,1099,6643,3008
3977333714,5/2/2016,11.05000019,11.05000019,0,1.539999962,6.480000019,3.019999981,0,24,143,176,713,16520,1760
8877689391,5/1/2016,8.319999695,8.319999695,0,3.130000114,0.569999993,4.570000172,0,36,12,166,1226,10930,2786
8583815059,4/26/2016,8.18999958,8.18999958,0,0.07,4.21999979,3.890000105,0,1,91,214,1134,10499,3093
8583815059,5/7/2016,4.769999981,4.769999981,0,0,0,4.769999981,0,0,0,250,1190,6117,2810
5577150313,4/12/2016,6.079999924,6.079999924,0,3.599999905,0.379999995,2.099999905,0,86,16,140,728,8135,3405
5553957443,5/3/2016,8.390000343,8.390000343,0,1.5,1.200000048,5.679999828,0,26,29,247,812,12848,2116
5577150313,4/17/2016,9.140000343,9.140000343,0,5.980000019,0.829999983,2.319999933,0,200,37,159,525,12231,4552
1844505072,4/14/2016,5.25,5.25,0,0,0,5.230000019,0,0,0,373,843,7937,2130
1503960366,4/23/2016,9.039999962,9.039999962,0,2.809999943,0.870000005,5.360000134,0,41,21,262,732,14371,1949
4319703577,4/27/2016,7.230000019,7.230000019,0,0.409999996,1.919999957,4.909999847,0,6,47,300,680,10780,2324
4558609924,4/16/2016,4.820000172,4.820000172,0,0.550000012,0.75,3.5,0,8,12,308,1112,7289,1997
1624580081,4/24/2016,3.950000048,3.950000048,0,1.149999976,0.910000026,1.889999986,0,16,18,185,1221,6076,1617
1624580081,4/23/2016,5.550000191,5.550000191,0,0,0,5.539999962,0.01,0,0,227,1213,8538,1562
3977333714,4/25/2016,8.479999542,8.479999542,0,5.619999886,0.430000007,2.410000086,0,50,9,133,781,11177,1570
2022484408,4/25/2016,8.010000229,8.010000229,0,3.329999924,0.219999999,4.460000038,0,44,8,217,1171,11369,2470
8583815059,4/29/2016,11.82999992,11.82999992,0,3.900000095,3,4.920000076,0,46,67,258,1069,15168,3513
8583815059,4/16/2016,4.150000095,4.150000095,0,0,0,0,0,0,0,0,1440,5319,2693
8877689391,5/10/2016,8.149999619,8.149999619,0,1.350000024,0.460000008,6.28000021,0,18,11,224,1187,10733,2832
8583815059,4/12/2016,3.910000086,3.910000086,0,0,0.330000013,3.579999924,0,0,7,196,1237,5014,2650
1844505072,4/20/2016,0.01,0.01,0,0,0,0.01,0,0,0,1,1439,8,1349
2022484408,5/6/2016,7.179999828,7.179999828,0,1.870000005,0.670000017,4.639999866,0,24,17,295,1104,10227,2498
4388161847,4/16/2016,5.059999943,5.059999943,0,0.209999993,0.400000006,4.449999809,0,6,9,253,609,6580,3073
7007744171,4/18/2016,10.97999954,9.909999847,4.930550098,3.789999962,2.119999886,5.050000191,0.02,48,31,284,1077,14816,2832
8378563200,4/21/2016,12.01000023,12.01000023,2.253081083,6.900000095,0.819999993,4.289999962,0,137,16,145,677,15148,4236
6117666160,5/2/2016,3.730000019,3.730000019,0,0,0,3.730000019,0,0,0,236,1204,4933,2044
2022484408,5/5/2016,8.350000381,8.350000381,0,2.789999962,0.860000014,4.699999809,0,55,20,253,1112,11895,2609
5553957443,4/19/2016,10.10999966,10.10999966,0,4.28000021,1.659999967,4.179999828,0,69,28,249,756,15482,2284
6290855005,4/21/2016,0,0,0,0,0,0,0,0,0,0,1440,0,2060
7086361926,4/20/2016,10.64000034,10.64000034,0,7.639999866,0.449999988,2.539999962,0,87,13,145,797,14365,2997
8378563200,5/2/2016,4.809999943,4.809999943,2.092147112,0.629999995,0.170000002,4.010000229,0,63,4,142,802,6064,3491
4319703577,4/14/2016,6.880000114,6.880000114,0,0.109999999,0.330000013,6.440000057,0,1,9,339,589,10210,2302
2347167796,4/22/2016,5.159999847,5.159999847,0,0.560000002,1.679999948,2.920000076,0,9,27,206,781,7804,1946
8378563200,4/20/2016,7.440000057,7.440000057,2.092147112,2.230000019,0.439999998,4.78000021,0,82,8,169,763,9388,3787
3977333714,5/1/2016,7.070000172,7.070000172,0,2.670000076,1.980000019,2.410000086,0,41,40,124,691,10414,1501
5577150313,4/20/2016,6.21999979,6.21999979,0,4.119999886,0.340000004,1.75999999,0,87,16,113,773,8330,3192
1503960366,4/27/2016,12.21000004,12.21000004,0,6.400000095,0.409999996,5.409999847,0,78,11,243,1108,18134,2159
1503960366,4/15/2016,6.28000021,6.28000021,0,2.140000105,1.25999999,2.829999924,0,29,34,209,726,9762,1745
8583815059,4/30/2016,7.869999886,7.869999886,0,0.150000006,1.279999971,6.429999828,0,2,28,317,1093,10085,3164
2347167796,4/21/2016,6.75,6.75,0,1.850000024,1.529999971,3.380000114,0,23,26,208,761,10080,2048
6962181067,5/6/2016,3.910000086,3.910000086,0,0,0,3.910000086,0,0,0,299,717,5908,1850
7007744171,4/12/2016,10.28999996,9.479999542,4.869782925,4.5,0.379999995,5.409999847,0,53,8,355,1024,14172,2937
7007744171,4/21/2016,9.18999958,9.18999958,0,2.150000095,1.870000005,5.170000076,0,30,34,327,1049,13744,2763
4445114986,4/26/2016,4.409999847,4.409999847,0,2.410000086,0.039999999,1.960000038,0,29,1,180,839,6326,2291
4319703577,4/24/2016,2.74000001,2.74000001,0,0.059999999,0.200000003,2.470000029,0,1,5,191,692,4081,1880
2320127002,4/18/2016,4.420000076,4.420000076,0,0,0.25999999,4.139999866,0,0,7,260,1173,6559,1905
2022484408,5/7/2016,4.710000038,4.710000038,0,1.610000014,0.079999998,3.019999981,0,20,2,149,1269,6708,1995
8792009665,4/19/2016,0,0,0,0,0,0,0,0,0,0,1440,0,1688
6775888955,4/27/2016,0,0,0,0,0,0,0,0,0,0,1440,0,1841
3977333714,4/20/2016,7.829999924,7.829999924,0,0.200000003,4.349999905,3.279999971,0,2,98,164,845,11658,1554
5553957443,4/30/2016,0.779999971,0.779999971,0,0,0,0.779999971,0,0,0,84,506,1202,1463
1503960366,4/21/2016,6.340000153,6.340000153,0,1.340000033,0.349999994,4.650000095,0,19,8,211,838,9819,1775
2347167796,4/14/2016,6.699999809,6.699999809,0,0.02,2.74000001,3.940000057,0,1,48,206,705,10129,2010
1503960366,5/4/2016,7.150000095,7.150000095,0,2.460000038,0.870000005,3.819999933,0,36,22,203,1179,11100,1819
4020332650,4/22/2016,0,0,0,0,0,0,0,0,0,0,1440,0,1980
2320127002,4/17/2016,4.179999828,4.179999828,0,0,0,4.179999828,0,0,0,249,1191,6198,1852
6290855005,4/12/2016,3.450000048,3.450000048,0,0,0,3.450000048,0,0,0,199,1241,4562,2560
8253242879,4/21/2016,8.56000042,8.56000042,0,5.880000114,0.930000007,1.75,0,49,20,172,1199,11268,2218
8877689391,4/26/2016,8.430000305,8.430000305,0,1.75999999,0.129999995,6.5,0,22,3,258,1157,11101,2860
5553957443,4/28/2016,7.630000114,7.630000114,0,3.710000038,0.75,3.170000076,0,49,13,165,727,11393,1999
3977333714,5/6/2016,8.279999733,8.279999733,0,3.109999895,2.50999999,2.670000076,0,29,55,168,676,11677,1590
4388161847,5/1/2016,7.889999866,7.889999866,0,1.00999999,0.680000007,6.199999809,0,12,15,241,579,10255,2926
8792009665,4/27/2016,1.129999995,1.129999995,0,0,0,1.129999995,0,0,0,112,900,1758,2067
5553957443,4/18/2016,2.430000067,2.430000067,0,0,0,2.430000067,0,0,0,206,622,3727,1683
2026352035,4/30/2016,2.930000067,2.930000067,0,0,0,2.930000067,0,0,0,233,594,4729,1506
5577150313,5/6/2016,3.700000048,3.700000048,0,1.929999948,0.319999993,1.450000048,0,41,16,79,1304,4950,2643
4445114986,4/14/2016,2.670000076,2.670000076,0,0,0,2.670000076,0,0,0,231,717,3974,2194
2320127002,5/3/2016,5.019999981,5.019999981,0,1.49000001,0.370000005,3.160000086,0,20,10,206,1204,7443,1878
1844505072,4/13/2016,3.25999999,3.25999999,0,0,0,3.25999999,0,0,0,248,1192,4929,1860
4702921684,4/29/2016,8.050000191,8.050000191,0,1.059999943,0.920000017,6.070000172,0,12,19,267,692,9930,3165
5553957443,5/4/2016,2.769999981,2.769999981,0,0,0,2.769999981,0,0,0,224,651,4249,1698
5577150313,4/28/2016,7.429999828,7.429999828,0,3.25,1.169999957,3.00999999,0,99,51,141,692,9841,3580
8053475328,4/30/2016,5.590000153,5.590000153,0,2.99000001,0.059999999,2.539999962,0,27,1,131,1281,7135,2408
2873212765,5/1/2016,4.96999979,4.96999979,0,0.49000001,1.039999962,3.440000057,0,7,18,196,1219,7399,1739
2022484408,5/12/2016,6.409999847,6.409999847,0,1.279999971,0.670000017,4.440000057,0,16,16,236,728,9117,1853
7086361926,4/29/2016,4.949999809,4.949999809,0,0.49000001,0.449999988,4,0,24,36,182,1198,7881,2616
4388161847,5/4/2016,9.520000458,9.520000458,0,2.789999962,0.930000007,5.800000191,0,35,21,251,632,12375,3162
6290855005,5/7/2016,4.170000076,4.170000076,0,0,0,4.159999847,0,0,0,227,1213,5510,2613
1927972279,5/12/2016,0,0,0,0,0,0,0,0,0,0,966,0,1383
1644430081,4/25/2016,2.599999905,2.599999905,0,0.589999974,0.059999999,1.950000048,0,8,1,94,1337,3580,2497
4445114986,4/19/2016,1.389999986,1.389999986,0,0,0,1.389999986,0,0,0,121,895,2064,1954
8792009665,4/25/2016,0,0,0,0,0,0,0,0,0,0,1440,0,1688
8253242879,4/19/2016,2.779999971,2.779999971,0,0,0,2.779999971,0,0,0,164,1276,4212,1763
2873212765,4/24/2016,4.679999828,4.679999828,0,3,0.059999999,1.620000005,0,46,1,190,1203,6873,1898
1644430081,4/18/2016,5.190000057,5.190000057,0,1.070000052,1.669999957,2.450000048,0,15,33,121,1271,7132,2806
4445114986,4/15/2016,4.829999924,4.829999924,0,0,0,4.829999924,0,0,0,350,711,7198,2496
5577150313,5/3/2016,8.25,8.25,0,4.519999981,0.150000006,3.569999933,0,97,8,212,580,11045,3795
4558609924,4/24/2016,5.659999847,5.659999847,0,0,0,5.650000095,0,0,0,395,1045,8563,2173
2026352035,4/15/2016,2.369999886,2.369999886,0,0,0,2.369999886,0,0,0,188,687,3821,1444
2873212765,4/18/2016,5.239999771,5.239999771,0,0.07,0.280000001,4.889999866,0,1,6,311,1122,7762,1890
6962181067,4/26/2016,6.900000095,6.900000095,0,2.579999924,0.419999987,3.900000095,0,36,7,254,680,10433,2012
6117666160,4/30/2016,5.28000021,5.28000021,0,0,0,5.28000021,0,0,0,343,1040,6987,2275
2320127002,5/2/2016,2.450000048,2.450000048,0,0.360000014,0.209999993,1.879999995,0,5,6,123,1306,3634,1613
4558609924,4/25/2016,5.349999905,5.349999905,0,0.589999974,0.25,4.510000229,0,18,10,340,993,8095,2225
1644430081,5/8/2016,4.889999866,4.889999866,0,0,0,4.880000114,0,0,0,295,991,6724,2987
8053475328,5/11/2016,9.399999619,9.399999619,0,6.079999924,0.280000001,3.039999962,0,60,7,184,1189,12209,2809
1844505072,5/7/2016,0,0,0,0,0,0,0,0,0,0,1440,0,1347
1927972279,4/14/2016,1.5,1.5,0,0,0.400000006,1.100000024,0,0,9,88,1292,2163,2383
8053475328,4/28/2016,12.39999962,12.39999962,0,9.670000076,0.389999986,2.349999905,0,90,9,153,1188,15447,3062
2873212765,5/6/2016,4.75,4.75,0,0,0.119999997,4.610000134,0.01,0,5,370,1065,7063,1910
2320127002,5/4/2016,0.810000002,0.810000002,0,0,0,0.810000002,0,0,0,52,1388,1201,1426
1503960366,4/12/2016,8.5,8.5,0,1.879999995,0.550000012,6.059999943,0,25,13,328,728,13162,1985
8877689391,5/3/2016,8.210000038,8.210000038,0,1.389999986,0.100000001,6.670000076,0.01,19,3,229,1189,10818,2817
5577150313,4/23/2016,5.710000038,5.710000038,0,1.210000038,0.360000014,4.139999866,0,24,24,223,627,7638,3152
8792009665,4/16/2016,0.159999996,0.159999996,0,0,0,0.159999996,0,0,0,12,1428,244,1721
4558609924,5/8/2016,4.329999924,4.329999924,0,1.799999952,0.5,2.019999981,0,66,35,238,1019,6543,2666
4319703577,4/26/2016,6.639999866,6.639999866,0,0.569999993,0.920000017,5.150000095,0,8,21,288,649,9899,2236
7086361926,4/21/2016,6.179999828,6.179999828,0,1.360000014,0.300000012,4.510000229,0,19,6,206,758,9469,2463
1927972279,4/15/2016,0.680000007,0.680000007,0,0,0,0.680000007,0,0,0,51,941,980,2221
1844505072,5/6/2016,0.029999999,0.029999999,0,0,0,0.029999999,0,0,0,2,1438,44,1351
4445114986,5/12/2016,0.519999981,0.519999981,0,0,0,0.519999981,0,0,0,58,380,768,1212
6290855005,5/6/2016,4.619999886,4.619999886,0,0,0,4.590000153,0.029999999,0,0,305,1135,6116,2806
1624580081,5/8/2016,2.230000019,2.230000019,0,0,0,2.220000029,0,0,0,152,1288,3427,1427
7086361926,5/12/2016,2.559999943,2.559999943,0,0.379999995,0.270000011,1.889999986,0,5,4,58,343,3789,1199
8583815059,4/18/2016,3.00999999,3.00999999,0,0.310000002,1.059999943,1.350000024,0,4,22,105,1309,3864,2536
4020332650,5/5/2016,8.430000305,8.430000305,0,2.619999886,1.679999948,4.039999962,0.07,38,42,196,916,11728,3429
2873212765,4/15/2016,5.699999809,5.699999809,0,0,0,5.690000057,0.01,0,0,448,992,8482,2063
1624580081,4/27/2016,5.440000057,5.440000057,0,1.110000014,1.870000005,2.460000038,0,17,36,154,1233,8367,1670
4020332650,4/15/2016,1.350000024,1.350000024,0,0.209999993,0.360000014,0.769999981,0,36,18,87,1299,1882,2951
2026352035,4/22/2016,1.809999943,1.809999943,0,0,0,1.809999943,0,0,0,162,712,2915,1399
8877689391,5/12/2016,6.119999886,6.119999886,0,1.820000052,0.039999999,4.25,0,23,1,137,770,8064,1849
8053475328,4/27/2016,9.819999695,9.819999695,0,6.460000038,0.430000007,2.930000067,0,60,10,183,1187,12422,2852
8053475328,4/17/2016,13.68999958,13.68999958,0,9.239999771,0.800000012,3.640000105,0,111,21,195,1113,18827,3213
2347167796,4/28/2016,3.599999905,3.599999905,0,0,0,3.599999905,0,0,0,229,764,5439,1854
4445114986,4/12/2016,2.200000048,2.200000048,0,0,0,2.200000048,0,0,0,196,787,3276,2113
6290855005,4/20/2016,4.809999943,4.809999943,0,0,0,4.800000191,0.01,0,0,258,1182,6361,2701
3372868164,4/20/2016,3.329999924,3.329999924,0,0.839999974,0.090000004,2.380000114,0.02,15,3,274,1148,4880,1867
3977333714,5/7/2016,7.730000019,7.730000019,0,0,4.130000114,3.589999914,0,0,86,208,703,11550,1574
8792009665,5/9/2016,0,0,0,0,0,0,0,0,0,0,1440,0,1688
1927972279,5/8/2016,0,0,0,0,0,0,0,0,0,0,1440,0,2063
1927972279,4/13/2016,0.25,0.25,0,0,0,0.25,0,0,0,32,986,356,2151
8053475328,5/2/2016,1.429999948,1.429999948,0,0,0,1.429999948,0,0,0,95,1345,1969,1988
1624580081,5/1/2016,28.03000069,28.03000069,0,21.92000008,4.190000057,1.909999967,0.02,186,63,171,1020,36019,2690
4020332650,4/19/2016,0,0,0,0,0,0,0,0,0,0,1440,0,1980
8583815059,5/2/2016,6.610000134,6.610000134,0,0,0,0,0,0,0,0,1440,8469,2894
1927972279,5/1/2016,1.870000005,1.870000005,0,1.00999999,0.029999999,0.829999983,0,14,1,70,1355,2704,2411
4445114986,5/9/2016,3.539999962,3.539999962,0,0,0,3.539999962,0,0,0,266,641,5275,2281
4319703577,4/30/2016,5.519999981,5.519999981,0,0.400000006,1.610000014,3.50999999,0,6,38,196,695,8221,2092
6290855005,4/17/2016,5.940000057,5.940000057,0,1.139999986,0.790000021,4,0,31,12,225,1172,7851,3171
3977333714,4/16/2016,9,9,0,2.029999971,4,2.970000029,0,31,83,153,663,13459,1625
1503960366,5/1/2016,6.809999943,6.809999943,0,2.289999962,1.600000024,2.920000076,0,33,35,246,730,10602,1820
7086361926,5/4/2016,8.31000042,8.31000042,0,5.28000021,0.119999997,2.900000095,0,45,12,135,843,10988,2655
8583815059,4/17/2016,2.349999905,2.349999905,0,0,0,0,0,0,0,0,1440,3008,2439
7086361926,5/3/2016,6.760000229,6.760000229,0,2.74000001,0.850000024,3.160000086,0,57,36,152,761,10288,2754
4319703577,5/8/2016,2.460000038,2.460000038,0,0,0,2.460000038,0,0,0,153,603,3672,1792
5553957443,4/13/2016,3.160000086,3.160000086,0,0,0,3.160000086,0,0,0,226,647,4832,1718
5577150313,4/26/2016,3.980000019,3.980000019,0,0.850000024,0.649999976,2.470000029,0,38,32,181,759,5325,3088
1624580081,4/19/2016,1.899999976,1.899999976,0,0,0,1.899999976,0,0,0,141,1299,2916,1435
2022484408,5/3/2016,8.739999771,8.739999771,0,3.99000001,0.460000008,4.28000021,0,72,14,250,1104,12183,2752
2320127002,5/11/2016,4.329999924,4.329999924,0,0,0,4.329999924,0,0,0,300,1140,6424,1903
8053475328,4/22/2016,8.289999962,8.289999962,0,6.260000229,0.150000006,1.879999995,0,60,3,117,1260,10520,2655
6290855005,4/13/2016,5.400000095,5.400000095,0,0,0,5.389999866,0.01,0,0,350,1090,7142,2905
6962181067,5/9/2016,8.720000267,8.680000305,3.167821884,3.900000095,1.179999948,3.650000095,0,43,21,231,607,12342,2105
8877689391,4/16/2016,25.29000092,25.29000092,0,13.23999977,1.210000038,10.71000004,0,94,29,429,888,29326,4547
2022484408,4/12/2016,8.340000153,8.340000153,0,3.309999943,0.769999981,4.260000229,0,42,14,227,1157,11875,2390
2873212765,5/4/2016,5.559999943,5.559999943,0,0,0,5.559999943,0,0,0,420,1020,8278,2015
8877689391,4/25/2016,8.739999771,8.739999771,0,2.369999886,0.07,6.269999981,0.01,113,8,218,1101,12986,3802
1503960366,4/29/2016,7.150000095,7.150000095,0,1.059999943,0.5,5.579999924,0,16,12,243,815,11181,1837
1927972279,4/16/2016,0,0,0,0,0,0,0,0,0,0,1440,0,2064
3977333714,4/18/2016,7.800000191,7.800000191,0,0.25,3.730000019,3.819999933,0,4,95,214,605,11663,1584
2347167796,4/20/2016,7.269999981,7.269999981,0,0.680000007,1.809999943,4.78000021,0,11,43,269,1011,10999,2198
6117666160,5/1/2016,6.730000019,6.730000019,0,0,0,6.730000019,0,0,0,397,525,8915,2361
8792009665,5/7/2016,0,0,0,0,0,0,0,0,0,0,1440,0,1688
2026352035,4/17/2016,0.519999981,0.519999981,0,0,0,0.519999981,0,0,0,60,1053,838,1214
1844505072,5/5/2016,1.480000019,1.480000019,0,0,0,1.480000019,0,0,0,120,1320,2237,1589
7086361926,4/28/2016,7.800000191,7.800000191,0,2.789999962,1.639999986,3.359999895,0,54,48,161,810,11584,2862
2022484408,5/8/2016,2.309999943,2.309999943,0,0,0,2.309999943,0,0,0,135,1305,3292,1848
3372868164,4/17/2016,5.880000114,5.880000114,0,1.409999967,0.100000001,4.360000134,0.01,11,2,322,1105,8199,1964
7007744171,4/13/2016,9.649999619,8.600000381,4.851306915,4.610000134,0.560000002,4.480000019,0,56,22,261,1101,12862,2742
6775888955,4/26/2016,5.269999981,5.269999981,1.959596038,3.480000019,0.870000005,0.730000019,0,42,30,47,1321,7091,2584
6775888955,5/7/2016,1.409999967,1.409999967,0,0.129999995,0.239999995,1.049999952,0,2,5,49,551,1967,1032
8053475328,4/29/2016,9.649999619,9.649999619,0,6.170000076,0.310000002,3.170000076,0,58,8,159,1215,12315,2794
6117666160,5/5/2016,7.400000095,7.400000095,0,0,0,7.400000095,0,0,0,487,479,9799,2636
4702921684,4/24/2016,12.22000027,12.22000027,0,1.200000048,5.119999886,5.880000114,0,15,95,281,542,15050,3538
8877689391,4/27/2016,20.64999962,20.64999962,0,13.06999969,0.439999998,7.099999905,0,93,8,235,1104,23629,3808
1624580081,4/26/2016,1.840000033,1.840000033,0,0,0,1.830000043,0.01,0,0,140,1300,2826,1402
8583815059,4/15/2016,2.680000067,2.680000067,0,0,0,0.899999976,0,0,0,65,1375,3430,2505
2022484408,4/15/2016,8.029999733,8.029999733,0,1.940000057,0.310000002,5.78000021,0,27,9,282,1122,11034,2525
6962181067,4/29/2016,7.110000134,7.110000134,0,0.819999993,0.479999989,5.809999943,0,12,15,369,645,10762,2254
2022484408,4/29/2016,7.190000057,7.190000057,0,0.479999989,1.210000038,5.5,0,21,40,281,1098,10245,2611
1503960366,4/28/2016,8.529999733,8.529999733,0,3.539999962,1.159999967,3.789999962,0,48,28,189,782,13154,1898
4702921684,4/18/2016,7.380000114,7.380000114,0,1.820000052,1.49000001,4.070000172,0,22,30,191,890,9105,3013
1624580081,4/29/2016,1.549999952,1.549999952,0,0,0,1.549999952,0,0,0,150,1290,2390,1404
8877689391,4/14/2016,18.97999954,18.97999954,0,10.55000019,0.589999974,7.75,0.02,68,13,298,1061,21129,3793
8053475328,5/3/2016,11.89999962,11.89999962,0,8.390000343,0.930000007,2.589999914,0,87,22,165,1166,15484,3023
4702921684,4/22/2016,1.350000024,1.350000024,0,0,0,1.350000024,0,0,0,72,1341,1664,2241
6290855005,4/30/2016,5.099999905,5.099999905,0,0,0,5.090000153,0.01,0,0,324,1116,6744,2843
4558609924,4/18/2016,5.909999847,5.909999847,0,0.980000019,0.930000007,4,0,14,15,331,1080,8940,2116
2873212765,4/30/2016,5.679999828,5.679999828,0,0.330000013,1.080000043,4.260000229,0.01,5,20,248,1167,8452,1830
6117666160,4/28/2016,2.599999905,2.599999905,0,0,0,2.599999905,0,0,0,141,758,3403,1879
2320127002,4/21/2016,2.289999962,2.289999962,0,0.059999999,0.419999987,1.809999943,0,1,10,127,1302,3404,1610
1503960366,5/8/2016,6.579999924,6.579999924,0,3.529999971,0.319999993,2.730000019,0,44,8,203,574,10060,1740
7007744171,5/5/2016,11.10000038,10.03999996,4.878232002,4.329999924,1.289999962,5.480000019,0,53,23,317,1047,15010,2933
4388161847,5/7/2016,17.54000092,17.54000092,0,9.449999809,2.769999981,5.329999924,0,120,56,260,508,22770,4022
8792009665,4/24/2016,0.25999999,0.25999999,0,0.039999999,0.050000001,0.159999996,0,3,8,19,1410,400,1799
4020332650,4/30/2016,0,0,0,0,0,0,0,0,0,0,1440,0,1980
2320127002,4/25/2016,2.420000076,2.420000076,0,0.230000004,0.200000003,1.99000001,0,3,5,152,1280,3588,1654
1624580081,4/18/2016,7.409999847,7.409999847,0,2.150000095,0.620000005,4.619999886,0.01,17,7,202,1214,10536,1604
8792009665,5/8/2016,0,0,0,0,0,0,0,0,0,0,1440,0,1688
4020332650,5/10/2016,3.980000019,3.980000019,0,0,0,3.869999886,0.039999999,0,0,206,774,5546,2926
4445114986,5/8/2016,4.900000095,4.900000095,0,0,0.25,4.650000095,0,0,8,308,733,7303,2423
8792009665,5/10/2016,0,0,0,0,0,0,0,0,0,0,48,0,57
8053475328,5/12/2016,3.910000086,3.910000086,0,2.950000048,0.200000003,0.75999999,0,28,4,39,839,4998,1505
7086361926,4/27/2016,8.340000153,8.340000153,0,5.630000114,0.180000007,2.529999971,0,55,6,145,829,11107,2693
2026352035,4/21/2016,1.529999971,1.529999971,0,0,0,1.529999971,0,0,0,153,749,2467,1370
8253242879,4/14/2016,3.460000038,3.460000038,0,1.929999948,0.99000001,0.540000021,0,29,16,33,1362,5234,1705
8253242879,4/24/2016,7.130000114,7.130000114,0,5.599999905,0.189999998,1.340000033,0,41,4,82,1313,8905,1976
4558609924,5/11/2016,6.019999981,6.019999981,0,0.25999999,1.820000052,3.940000057,0,4,31,324,1081,9108,2131
8877689391,4/13/2016,9.579999924,9.579999924,0,3.549999952,0.379999995,5.639999866,0,108,18,216,1098,15337,3566
8253242879,4/12/2016,7.159999847,7.159999847,0,5.429999828,0.140000001,1.590000033,0,40,2,154,1244,9033,2044
5577150313,4/24/2016,11.77999973,11.77999973,0,7.650000095,2.150000095,1.980000019,0,210,65,141,425,15764,4392
8877689391,4/12/2016,20.39999962,20.39999962,0,12.22000027,0.340000004,7.820000172,0,85,7,312,1036,23186,3921
2022484408,4/20/2016,10.67000008,10.67000008,0,3.339999914,1.929999948,5.400000095,0,48,63,276,1053,15112,2897
6775888955,4/16/2016,3.390000105,3.390000105,0,2.519999981,0.810000002,0.059999999,0,36,18,9,1377,4732,2225
1927972279,5/11/2016,0,0,0,0,0,0,0,0,0,0,1440,0,2063
6290855005,4/25/2016,5.900000095,5.900000095,0,0.680000007,0.180000007,5.03000021,0.01,8,3,249,1180,7802,2771
6775888955,4/14/2016,3.700000048,3.700000048,0,0.870000005,0.860000014,1.970000029,0,14,24,105,863,5162,2507
6962181067,5/10/2016,10.21000004,10.21000004,0,3.470000029,1.75,4.989999771,0,62,34,275,626,15448,2361
1844505072,5/1/2016,1.700000048,1.700000048,0,0,0.25999999,1.450000048,0,0,7,75,585,2573,1541
2320127002,4/22/2016,3.75999999,3.75999999,0,0,0,3.75999999,0,0,0,266,1174,5583,1851
6290855005,5/1/2016,7.440000057,7.440000057,0,0.660000026,2.75,4,0.02,8,95,282,1055,9837,3327
1844505072,4/23/2016,2.359999895,2.359999895,0,0,0,2.359999895,0,0,0,139,1301,3570,1645
4388161847,4/21/2016,7.730000019,7.730000019,0,0.370000005,0.389999986,6.980000019,0,7,12,272,853,10055,3069
4388161847,4/19/2016,7.829999924,7.829999924,0,1.370000005,0.689999998,5.769999981,0,20,16,249,704,10181,3015
6962181067,5/5/2016,6.960000038,6.960000038,0,0.99000001,1.159999967,4.809999943,0,14,22,305,591,10524,2066
5577150313,5/1/2016,9.989999771,9.989999771,0,5.309999943,1.440000057,3.24000001,0,194,72,178,499,13368,4546
7007744171,5/3/2016,10.86999989,9.710000038,4.912367821,4.480000019,1.019999981,5.360000134,0,58,31,330,1021,14510,2976
1844505072,5/9/2016,0,0,0,0,0,0,0,0,0,0,1440,0,1347
1624580081,5/4/2016,1.429999948,1.429999948,0,0,0,1.419999957,0,0,0,118,1322,2193,1368
1927972279,5/10/2016,0,0,0,0,0,0,0,0,0,0,1440,0,2063
4319703577,5/4/2016,7.019999981,7.019999981,0,0.589999974,0.579999983,5.849999905,0,8,13,313,1106,10429,2282
8792009665,4/18/2016,0,0,0,0,0,0,0,0,0,0,1440,0,1688
2026352035,5/4/2016,4.070000172,4.070000172,0,0,0,4.070000172,0,0,0,345,530,6564,1658
8053475328,5/6/2016,11,11,0,9.100000381,0.689999998,1.210000038,0,90,15,90,1245,13953,2859
7007744171,4/16/2016,3.099999905,3.099999905,0,0,0,3.099999905,0,0,0,203,1155,4631,2076
1503960366,4/20/2016,6.679999828,6.679999828,0,1.960000038,0.479999989,4.239999771,0,28,12,205,818,10544,1786
7086361926,5/2/2016,6.809999943,6.809999943,0,3.480000019,0.660000026,2.660000086,0,66,26,139,737,10052,2754
1624580081,4/17/2016,4.059999943,4.059999943,0,1.029999971,1.519999981,1.49000001,0.01,15,22,127,1276,6175,1554
4445114986,4/21/2016,2.559999943,2.559999943,0,0,0,2.539999962,0,0,0,215,756,3809,2150
2347167796,4/18/2016,5.449999809,5.449999809,0,0.790000021,0.860000014,3.789999962,0,11,16,206,678,8247,1944
3372868164,4/19/2016,5.260000229,5.260000229,0,0,0,5.239999771,0.02,0,0,376,1064,7711,1985
8792009665,4/28/2016,3.940000057,3.940000057,0,0,0,3.940000057,0,0,0,310,714,6157,2780
5577150313,4/16/2016,10.65999985,10.65999985,0,6.639999866,1.279999971,2.730000019,0,184,56,158,472,14269,4274
6117666160,5/8/2016,5.53000021,5.53000021,0,0,0,5.53000021,0,0,0,318,517,7328,2250
6775888955,4/23/2016,0,0,0,0,0,0,0,0,0,0,1440,0,1841
6775888955,5/3/2016,0.01,0.01,0,0,0,0.01,0,0,0,1,1439,9,1843
2347167796,4/27/2016,7.579999924,7.579999924,0,1.860000014,0.400000006,5.320000172,0,26,9,295,623,11423,2194
6117666160,4/25/2016,0,0,0,0,0,0,0,0,0,0,1440,0,1497
3372868164,4/13/2016,6.630000114,6.630000114,0,0.99000001,0.340000004,5.269999981,0.02,16,8,371,1045,9715,2093
4388161847,4/14/2016,6.820000172,6.820000172,0,0.129999995,1.070000052,5.619999886,0,10,35,219,945,8863,2998
1927972279,5/9/2016,0,0,0,0,0,0,0,0,0,0,1440,0,2063
7086361926,4/15/2016,5.670000076,5.670000076,0,2.039999962,1.110000014,2.529999971,0,30,21,139,864,8585,2395
6290855005,4/27/2016,4.210000038,4.210000038,0,0,0,4.179999828,0.029999999,0,0,287,1153,5565,2743
8378563200,4/27/2016,5.840000153,5.840000153,0,0.330000013,0.180000007,5.329999924,0,4,4,192,676,7359,3061
5553957443,4/26/2016,7.760000229,7.760000229,0,2.369999886,0.930000007,4.460000038,0,40,18,238,750,11886,2093
7086361926,4/18/2016,6.710000038,6.710000038,0,3.170000076,1.220000029,2.309999943,0,61,51,114,1136,9827,2743
4558609924,4/26/2016,6.050000191,6.050000191,0,0.430000007,2.029999971,3.589999914,0,12,41,283,1062,9148,2223
1927972279,5/6/2016,1.450000048,1.450000048,0,0,0,1.450000048,0,0,0,108,1332,2091,2383
1927972279,5/5/2016,0,0,0,0,0,0,0,0,0,0,1440,0,2063
8378563200,4/30/2016,2.339999914,2.339999914,0,0,0,2.339999914,0,0,0,121,780,2946,2660
8583815059,5/5/2016,9.68999958,9.68999958,0,0,0,1.179999948,0,0,0,70,1370,12427,3266
6962181067,4/25/2016,9.270000458,9.079999924,2.785175085,3.019999981,1.679999948,4.460000038,0.100000001,35,31,282,637,13239,2194
6775888955,4/17/2016,1.789999962,1.789999962,0,0.349999994,1.129999995,0.310000002,0,5,24,19,1392,2497,2067
4020332650,4/14/2016,0.079999998,0.079999998,0,0,0,0.029999999,0,0,0,3,1437,108,2011
4445114986,5/2/2016,4.75,4.75,0,2.210000038,0.189999998,2.349999905,0,27,4,200,667,6910,2336
3977333714,4/21/2016,4.079999924,4.079999924,0,0,0,4.059999943,0,0,0,242,712,6093,1397
2026352035,4/13/2016,3.099999905,3.099999905,0,0,0,3.099999905,0,0,0,238,663,4993,1521
1927972279,4/12/2016,0.469999999,0.469999999,0,0,0,0.469999999,0,0,0,55,734,678,2220
8253242879,4/13/2016,6.099999905,6.099999905,0,4.170000076,0.629999995,1.309999943,0,35,11,96,1298,8053,1935
6117666160,4/23/2016,8.680000305,8.680000305,0,0,0,8.680000305,0,0,0,512,468,11495,2651
1927972279,5/2/2016,2.619999886,2.619999886,0,1.159999967,0.300000012,1.159999967,0,16,8,94,1322,3790,2505
8792009665,5/1/2016,1.039999962,1.039999962,0,0,0,1.039999962,0,0,0,79,834,1619,1962
2026352035,4/24/2016,2.160000086,2.160000086,0,0,0,2.160000086,0,0,0,164,704,3490,1401
6117666160,4/24/2016,5.760000229,5.760000229,0,0,0,5.760000229,0,0,0,362,711,7623,2305
2873212765,4/26/2016,5.539999962,5.539999962,0,0.119999997,0.180000007,5.239999771,0,2,5,309,1124,8242,1882
2873212765,5/10/2016,5.559999943,5.559999943,0,0,0,5.550000191,0.01,0,0,373,1067,8275,1962
4319703577,5/1/2016,0.839999974,0.839999974,0,0,0,0.839999974,0,0,0,67,836,1251,1593
1844505072,5/12/2016,0,0,0,0,0,0,0,0,0,0,711,0,665
2022484408,5/11/2016,9.319999695,9.319999695,0,4.179999828,1.149999976,3.99000001,0,58,25,224,1133,13272,2544
2026352035,4/29/2016,4.710000038,4.710000038,0,0,0,4.710000038,0,0,0,352,492,7604,1692
4388161847,5/8/2016,14.38000011,14.38000011,0,9.890000343,1.25999999,3.230000019,0,107,38,178,576,17298,3934
2320127002,5/12/2016,1.789999962,1.789999962,0,0,0,1.789999962,0,0,0,128,830,2661,1125
4388161847,4/15/2016,6.730000019,6.730000019,0,0,0,6.730000019,0,0,0,299,837,8758,3066
7007744171,4/19/2016,10.47999954,9.5,4.94214201,4.409999847,0.75999999,5.309999943,0,53,17,304,1066,14194,2812
7007744171,4/22/2016,10.23999977,10.23999977,0,4.099999905,1.75999999,4.369999886,0,64,50,261,1065,15299,2889
8378563200,4/26/2016,12.85000038,12.85000038,0,7.510000229,0.920000017,4.420000076,0,90,18,161,593,16208,3763
1927972279,4/18/2016,0.170000002,0.170000002,0,0,0,0.170000002,0,0,0,17,1423,244,2111
6290855005,4/24/2016,4.460000038,4.460000038,0,0,0,4.460000038,0,0,0,258,1182,5896,2703
4319703577,5/3/2016,6.46999979,6.46999979,0,0.579999983,1.070000052,4.829999924,0,8,26,287,669,9648,2235
7007744171,5/7/2016,0,0,0,0,0,0,0,0,0,0,111,0,120
7007744171,4/24/2016,7.420000076,7.420000076,0,0,0,7.420000076,0,0,0,419,1021,11085,2667
8792009665,5/5/2016,0,0,0,0,0,0,0,0,0,0,1440,0,1688
2320127002,4/15/2016,3.50999999,3.50999999,0,0,0,3.50999999,0,0,0,245,1195,5205,1801
6290855005,4/28/2016,4.329999924,4.329999924,0,0,0,4.329999924,0,0,0,255,1185,5731,2687
8583815059,4/21/2016,6.659999847,6.659999847,0,2.630000114,1.019999981,3.00999999,0,35,18,158,1229,8538,2883
6962181067,5/7/2016,4.5,4.5,0,0,0,4.5,0,0,0,328,745,6815,1947
7086361926,5/1/2016,8.069999695,8.069999695,0,2.299999952,0.899999976,4.849999905,0,30,15,258,685,12390,2730
8583815059,4/24/2016,6.460000038,6.460000038,0,0.150000006,2.049999952,4.269999981,0,2,44,206,1188,8286,2889
6117666160,5/9/2016,3.380000114,3.380000114,0,0,0,3.380000114,0,0,0,197,125,4477,1248
8053475328,5/1/2016,0.850000024,0.850000024,0,0,0,0.850000024,0,0,0,51,1389,1170,1886
7007744171,4/14/2016,8.239999771,7.480000019,3.285414934,2.950000048,0.340000004,4.960000038,0,34,6,304,1096,11179,2668
4319703577,4/17/2016,0.02,0.02,0,0,0,0.02,0,0,0,3,1363,29,1464
8877689391,4/15/2016,7.170000076,7.170000076,0,0.050000001,0.050000001,7.010000229,0.01,106,1,281,1052,13422,3934
4702921684,4/16/2016,9.029999733,9.029999733,0,0.239999995,1.25,7.539999962,0,3,24,335,556,11140,3328
2873212765,4/14/2016,5.320000172,5.320000172,0,0,0,5.320000172,0,0,0,331,1109,7910,1893
8877689391,4/20/2016,18.11000061,18.11000061,0,11.02000046,0.689999998,6.340000153,0,73,19,225,1123,19948,3679
4388161847,5/11/2016,7.840000153,7.840000153,0,0.529999971,0.790000021,6.53000021,0,8,18,256,858,10201,2954
4558609924,5/4/2016,3.460000038,3.460000038,0,0,0,3.460000038,0,0,0,252,1188,5232,1842
1844505072,5/2/2016,0,0,0,0,0,0,0,0,0,0,1440,0,1348
6962181067,4/23/2016,13.23999977,13.23999977,0,4.199999809,2,7.039999962,0,58,41,347,484,20031,2571
2320127002,4/28/2016,1.029999971,1.029999971,0,0,0,1.029999971,0,0,0,76,1364,1532,1473
8253242879,4/29/2016,4.260000229,4.260000229,0,1.289999962,0.540000021,2.400000095,0,16,14,136,1257,6260,1854
6117666160,4/22/2016,6.199999809,6.199999809,0,0,0,6.199999809,0,0,0,402,413,8206,2409
6775888955,4/29/2016,0,0,0,0,0,0,0,0,0,0,1440,0,1841
4020332650,5/9/2016,3.269999981,3.269999981,0,0.200000003,0.119999997,2.940000057,0,3,5,173,1225,4556,2785
8877689391,4/24/2016,15.73999977,15.73999977,0,11.01000023,0.01,4.690000057,0,64,1,227,1148,16674,3455
8792009665,4/20/2016,2.00999999,2.00999999,0,0,0.280000001,1.74000001,0,0,10,139,744,3147,2188
2320127002,4/29/2016,0.620000005,0.620000005,0,0,0,0.620000005,0,0,0,45,1395,924,1410
7086361926,4/12/2016,8.409999847,8.409999847,0,5.269999981,0.150000006,2.970000029,0,59,6,153,745,11317,2772
6775888955,5/4/2016,0,0,0,0,0,0,0,0,0,0,1440,0,1841
3977333714,4/13/2016,6.710000038,6.710000038,0,2.029999971,2.130000114,2.549999952,0,31,46,153,754,10035,1495
6290855005,5/5/2016,4.789999962,4.789999962,0,0,0,4.789999962,0,0,0,239,1201,6339,2682
4319703577,5/11/2016,6.130000114,6.130000114,0,0.200000003,0.74000001,5.179999828,0,3,18,311,574,9129,2232
8378563200,5/6/2016,5.590000153,5.590000153,2.092147112,1.549999952,0.25,3.779999971,0,74,5,166,831,7045,3644
6962181067,5/11/2016,4.440000057,4.440000057,0,1.49000001,0.310000002,2.650000095,0,24,7,199,709,6722,1855
4020332650,4/24/2016,0,0,0,0,0,0,0,0,0,0,1440,0,1980
2347167796,4/23/2016,11.36999989,11.36999989,0,2.779999971,1.450000048,7.150000095,0,32,35,360,591,16901,2629
6290855005,4/14/2016,5.800000191,5.800000191,0,0,0,5.769999981,0.029999999,0,0,363,1077,7671,2952
6290855005,4/19/2016,5.400000095,5.400000095,0,0,0,5.389999866,0.01,0,0,321,1119,7142,2839
2873212765,4/29/2016,4.949999809,4.949999809,0,1.360000014,1.409999967,2.180000067,0,20,23,206,1191,7365,1780
4020332650,5/12/2016,0.419999987,0.419999987,0,0,0,0.409999996,0,0,0,21,721,590,1120
4319703577,4/15/2016,3.799999952,3.799999952,0,0,0,3.799999952,0,0,0,228,752,5664,1985
2320127002,4/20/2016,4.849999905,4.849999905,0,0,0.49000001,4.340000153,0,0,11,283,1146,7192,1922
8792009665,4/26/2016,0.850000024,0.850000024,0,0,0,0.850000024,0,0,0,80,1360,1321,1928
7086361926,5/9/2016,9.109999657,9.109999657,0,4.260000229,1.710000038,3.119999886,0,67,50,171,743,13566,2960
4445114986,5/11/2016,6.110000134,6.110000134,0,2.25,1,2.859999895,0,34,22,232,622,9105,2499
4020332650,4/13/2016,0,0,0,0,0,0,0,0,0,0,1440,0,1981
4702921684,4/12/2016,5.880000114,5.880000114,0,0,0,5.849999905,0,0,0,263,718,7213,2947
6290855005,4/26/2016,0,0,0,0,0,0,0,0,0,0,1440,0,2060
8877689391,4/30/2016,26.71999931,26.71999931,0,21.65999985,0.079999998,4.929999828,0,124,4,223,1089,27745,4398
8583815059,5/3/2016,9.369999886,9.369999886,0,0,0,0,0,0,0,0,1440,12015,3212
8378563200,5/12/2016,3.619999886,3.619999886,0,0.649999976,0.270000011,2.690000057,0,8,6,102,433,4561,1976
6117666160,5/4/2016,2.25999999,2.25999999,0,0,0,2.25999999,0,0,0,156,1279,2997,1902
8253242879,4/15/2016,1.769999981,1.769999981,0,0,0,1.75999999,0,0,0,105,1335,2672,1632
6290855005,5/2/2016,5.130000114,5.130000114,0,0,0,5.110000134,0.02,0,0,268,1172,6781,2725
8053475328,5/8/2016,17.64999962,17.64999962,0,13.39999962,0.589999974,3.660000086,0,125,14,228,1073,22026,3589
5553957443,5/2/2016,6.380000114,6.380000114,0,1.059999943,0.409999996,4.900000095,0,23,9,227,724,9769,1996
8792009665,4/30/2016,4.590000153,4.590000153,0,0.330000013,0.360000014,3.910000086,0,10,20,301,749,7174,2896
5577150313,4/22/2016,6.849999905,6.849999905,0,2.420000076,0.790000021,3.299999952,0,62,30,200,823,9172,3329
1644430081,5/5/2016,3.190000057,3.190000057,0,0.519999981,0.540000021,2.130000114,0.01,6,12,81,1341,4363,2463
2320127002,5/8/2016,3.480000019,3.480000019,0,0,0,3.470000029,0,0,0,247,1193,5161,1821
6962181067,4/30/2016,6.659999847,6.659999847,0,2.24000001,0.75999999,3.670000076,0,32,16,237,731,10081,2002
2022484408,4/17/2016,11.39999962,11.39999962,0,3.869999886,0.660000026,6.880000114,0,28,29,331,1052,15112,2782
4702921684,5/1/2016,0,0,0,0,0,0,0,0,0,0,1440,0,2017
1624580081,4/16/2016,3.49000001,3.49000001,0,0,0,3.49000001,0,0,0,176,1264,5370,1463
5553957443,4/16/2016,3.769999981,3.769999981,0,0,0,3.769999981,0,0,0,288,521,5771,1831
2022484408,4/28/2016,7.119999886,7.119999886,0,0.409999996,1.330000043,5.389999866,0,6,20,291,1123,10140,2296
6775888955,4/12/2016,0,0,0,0,0,0,0,0,0,0,1440,0,1841
8378563200,4/28/2016,4.300000191,4.300000191,0,0.899999976,0.49000001,2.910000086,0,11,10,139,711,5417,2884
8253242879,4/17/2016,7.909999847,7.909999847,0,5.429999828,0.150000006,2.329999924,0,41,5,157,1237,10204,2112
8053475328,5/9/2016,9.380000114,9.380000114,0,6.119999886,0.569999993,2.690000057,0,66,12,148,1214,12465,2765
8792009665,4/17/2016,0,0,0,0,0,0,0,0,0,0,1440,0,1688
7007744171,5/4/2016,0,0,0,0,0,0,0,0,0,0,1440,0,1557
1844505072,4/15/2016,2.539999962,2.539999962,0,0,0,2.539999962,0,0,0,176,527,3844,1725
5553957443,5/9/2016,7.579999924,7.579999924,0,2.130000114,0.889999986,4.559999943,0,59,22,251,667,11611,2272
2320127002,5/6/2016,3.289999962,3.289999962,0,0,0,3.289999962,0,0,0,204,1236,4878,1742
7086361926,4/17/2016,0,0,0,0,0,0,0,0,0,0,1440,0,1629
5577150313,4/19/2016,9.420000076,9.420000076,0,7.019999981,0.639999986,1.75999999,0,108,23,111,733,12574,3501
6962181067,4/22/2016,7.090000153,7.090000153,0,1.769999981,1.549999952,3.769999981,0,30,33,240,659,10725,2086
4445114986,4/29/2016,3.140000105,3.140000105,0,0,0,3.130000114,0,0,0,226,1106,4676,2196
5553957443,4/29/2016,8.329999924,8.329999924,0,2.789999962,0.639999986,4.909999847,0,46,15,270,709,12764,2169
8378563200,4/17/2016,1.690000057,1.690000057,0,0,0,1.690000057,0,0,0,93,599,2132,2572
2026352035,5/3/2016,3.720000029,3.720000029,0,0,0,3.720000029,0,0,0,304,981,5992,1604
4319703577,4/23/2016,3.309999943,3.309999943,0,0,0,3.309999943,0,0,0,233,546,4935,1945
4319703577,4/28/2016,7.28000021,7.28000021,0,1.00999999,0.330000013,5.940000057,0,13,8,359,552,10817,2367
7086361926,5/11/2016,6.519999981,6.519999981,0,2.890000105,1.389999986,2.230000019,0,57,40,128,757,9572,2735
8053475328,5/10/2016,11.35999966,11.35999966,0,9.090000153,0.419999987,1.850000024,0,96,10,115,1219,14810,2926
2320127002,4/13/2016,4.900000095,4.900000095,0,0,0,4.900000095,0,0,0,335,1105,7275,2003
1503960366,4/16/2016,8.159999847,8.159999847,0,2.710000038,0.409999996,5.039999962,0,36,10,221,773,12669,1863
8053475328,4/12/2016,14.11999989,14.11999989,0,11.64000034,0.389999986,2.099999905,0,116,8,123,1193,18060,3186
6290855005,4/29/2016,0,0,0,0,0,0,0,0,0,0,1440,0,2060
8378563200,5/5/2016,6.789999962,6.789999962,2.253081083,0.889999986,0.159999996,5.739999771,0,66,3,214,764,8567,3783
6117666160,4/27/2016,7.110000134,7.110000134,0,0,0,7.110000134,0,0,0,458,417,9411,2576
7086361926,4/13/2016,3.619999886,3.619999886,0,0.560000002,0.209999993,2.839999914,0,31,26,155,744,5813,2516
5553957443,4/22/2016,7.630000114,7.630000114,0,1.379999995,0.629999995,5.599999905,0,25,16,270,781,11682,2105
7007744171,4/26/2016,10.10000038,10.10000038,0,0.930000007,0.939999998,8.229999542,0,16,22,424,978,15090,2939
6962181067,4/15/2016,3.680000067,3.680000067,0,0,0,3.680000067,0,0,0,217,837,5563,1756
1844505072,4/18/2016,3.039999962,3.039999962,0,0,0.479999989,2.559999943,0,0,12,217,1211,4597,1814
7007744171,4/28/2016,10.11999989,10.11999989,0,1.090000033,0.769999981,8.260000229,0,16,16,401,1007,15128,2836
5577150313,4/18/2016,7.389999866,7.389999866,0,4.860000134,0.720000029,1.820000052,0,114,32,130,623,9893,3625
4319703577,5/7/2016,5.329999924,5.329999924,0,0.189999998,1.049999952,4.079999924,0,3,28,279,586,7937,2158
4558609924,5/10/2016,4.25,4.25,0,0.74000001,1.120000005,2.390000105,0,11,18,220,1191,6435,1889
1624580081,4/28/2016,1.789999962,1.789999962,0,0,0.200000003,1.600000024,0,0,5,115,1320,2759,1401
1624580081,4/13/2016,4.550000191,4.550000191,0,0,0,4.550000191,0,0,0,148,1292,7007,1411
8053475328,4/23/2016,17.19000053,17.19000053,0,12.53999996,0.629999995,4.019999981,0,125,14,223,741,22359,3554
2026352035,4/27/2016,3.769999981,3.769999981,0,0,0,3.769999981,0,0,0,286,586,6088,1593
1927972279,4/23/2016,2.039999962,2.039999962,0,0,0,2.039999962,0,0,0,145,1295,2945,2499
1503960366,5/9/2016,7.71999979,7.71999979,0,3.450000048,0.529999971,3.74000001,0,46,11,206,835,12022,1819
8378563200,4/19/2016,10.35999966,10.35999966,2.253081083,5.300000191,0.879999995,4.179999828,0,120,19,154,737,13070,4092
2320127002,4/26/2016,2.299999952,2.299999952,0,0,0,2.299999952,0,0,0,147,1293,3409,1632
4558609924,4/27/2016,6.320000172,6.320000172,0,1.960000038,0.889999986,3.460000038,0,27,14,312,1087,9557,2098
8053475328,4/16/2016,11.10999966,11.10999966,0,9.359999657,0.270000011,1.49000001,0,96,6,83,1255,14549,2867
4057192912,4/13/2016,4.46999979,4.46999979,0,0,0,4.369999886,0,0,0,160,1280,5974,2306
2873212765,5/5/2016,5.610000134,5.610000134,0,0.779999971,0.800000012,4.03000021,0,13,23,311,1093,8314,1971
4388161847,4/18/2016,9.100000381,9.100000381,0,3.559999943,0.400000006,5.139999866,0,27,8,239,1017,11009,3274
6775888955,5/2/2016,0,0,0,0,0,0,0,0,0,0,1440,0,1841
4319703577,4/22/2016,3.019999981,3.019999981,0,0.059999999,0.810000002,2.150000095,0,1,19,176,709,4500,1886
5577150313,5/7/2016,0,0,0,0,0,0,0,0,0,0,1440,0,1819
4558609924,5/6/2016,2.480000019,2.480000019,0,0,0,2.480000019,0,0,0,202,1238,3755,1722
1927972279,4/27/2016,0,0,0,0,0,0,0,0,0,0,1440,0,2063
1644430081,4/12/2016,7.769999981,7.769999981,0,0.140000001,2.299999952,5.329999924,0,2,51,256,1131,10694,3199
4445114986,5/10/2016,2.630000114,2.630000114,0,0,0,2.630000114,0,0,0,231,783,3915,2181
6290855005,5/4/2016,4.409999847,4.409999847,0,0,0,4.400000095,0.01,0,0,272,1168,5832,2718
1927972279,4/17/2016,0,0,0,0,0,0,0,0,0,0,1440,0,2063
8877689391,4/19/2016,17.39999962,17.39999962,0,12.14999962,0.180000007,5.03000021,0,82,13,214,1131,18785,3676
4702921684,4/27/2016,5.71999979,5.71999979,0,0.090000004,0.800000012,4.78000021,0,1,16,238,733,7047,2908
1644430081,4/14/2016,8.020000458,8.020000458,0,0.360000014,2.559999943,5.099999905,0,5,58,252,1125,11037,3226
8253242879,4/25/2016,4.510000229,4.510000229,0,0.360000014,2.390000105,1.769999981,0,7,54,118,1261,6829,1909
1503960366,4/26/2016,8.789999962,8.789999962,0,2.329999924,0.920000017,5.539999962,0,31,23,279,833,13755,1970
2022484408,4/14/2016,7.5,7.5,0,2.480000019,0.209999993,4.820000172,0,32,3,257,1148,10690,2312
1624580081,4/21/2016,4.130000114,4.130000114,0,0,0,4.110000134,0.02,0,0,186,1254,6349,1467
4558609924,4/30/2016,6.820000172,6.820000172,0,0.469999999,1.889999986,4.460000038,0,7,29,293,1111,10319,2105
4057192912,4/14/2016,0,0,0,0,0,0,0,0,0,0,1440,0,1776
2026352035,4/14/2016,2.069999933,2.069999933,0,0,0,2.049999952,0,0,0,197,653,3335,1431
7086361926,5/8/2016,7.099999905,7.099999905,0,2.309999943,1.529999971,3.25,0,32,27,147,695,10677,2534
2320127002,4/12/2016,7.489999771,7.489999771,0,1.169999957,0.310000002,6.010000229,0,13,9,306,1112,10725,2124
8053475328,5/5/2016,11.51000023,11.51000023,0,8.850000381,0.449999988,2.210000038,0,93,9,130,1208,14990,2950
1624580081,5/3/2016,1.370000005,1.370000005,0,0,0,1.340000033,0.02,0,0,96,1344,2100,1334
3977333714,5/3/2016,9.590000153,9.590000153,0,3.319999933,1.74000001,4.53000021,0,47,41,258,594,14335,1710
7086361926,4/23/2016,1.809999943,1.809999943,0,0,0,1.799999952,0,0,0,90,1350,2817,1965
7007744171,4/20/2016,11.31000042,10.40999985,4.924840927,4.789999962,0.670000017,5.860000134,0,60,33,347,1000,15566,3096
7007744171,4/25/2016,13.34000015,12.19999981,4.861792088,4.309999943,1.370000005,7.670000076,0,51,24,379,986,18229,3055
2873212765,5/12/2016,5.110000134,5.110000134,0,0,0,5.110000134,0,0,0,268,720,7566,1431
6962181067,5/3/2016,8.119999886,8.119999886,0,1.74000001,2.039999962,4.329999924,0,21,36,267,654,12109,2072
2347167796,4/16/2016,15.07999992,15.07999992,0,5.449999809,4.099999905,5.53000021,0,66,72,268,968,22244,2670
7007744171,4/27/2016,10.22000027,9.06000042,4.885604858,4.269999981,0.660000026,5.289999962,0,50,12,337,1041,13541,2830
4445114986,4/30/2016,4.179999828,4.179999828,0,0,0,4.179999828,0,0,0,290,797,6222,2363
4445114986,4/24/2016,3.359999895,3.359999895,0,0,0,3.359999895,0,0,0,244,1196,5002,2247
8877689391,5/9/2016,18.25,18.25,0,11.10000038,0.800000012,6.239999771,0.050000001,73,19,217,1131,20226,3710
8253242879,4/28/2016,1.799999952,1.799999952,0,0.670000017,0.779999971,0.340000004,0,11,16,20,1393,2718,1580
2873212765,4/16/2016,6.650000095,6.650000095,0,3.109999895,0.02,3.50999999,0.01,47,1,305,1087,9685,2148
2026352035,4/28/2016,3.950000048,3.950000048,0,0,0,3.950000048,0,0,0,331,626,6375,1649
2022484408,4/19/2016,8.529999733,8.529999733,0,3.289999962,0.239999995,5,0,31,7,250,1152,11548,2489
5553957443,5/1/2016,3.369999886,3.369999886,0,0,0,3.369999886,0,0,0,237,436,5164,1747
7007744171,4/30/2016,2.519999981,2.519999981,0,0,0,2.519999981,0,0,0,200,1240,3761,2051
4319703577,5/2/2016,6.239999771,6.239999771,0,0,0.439999998,5.710000038,0,0,11,344,585,9261,2270
6962181067,5/4/2016,6.710000038,6.710000038,0,0.469999999,1.679999948,4.550000191,0,15,36,284,683,10147,2086
4558609924,4/14/2016,4.489999771,4.489999771,0,0,0,4.489999771,0,0,0,279,1161,6799,1922
8378563200,4/15/2016,11.47000027,11.47000027,0,4.909999847,1.149999976,5.409999847,0,60,23,190,729,14461,3666
8053475328,4/15/2016,16.23999977,16.23999977,0,13.26000023,0.389999986,2.589999914,0,132,8,158,1142,20669,3410
1844505072,4/25/2016,0,0,0,0,0,0,0,0,0,0,1440,0,1347
5553957443,5/11/2016,3.220000029,3.220000029,0,0,0,3.220000029,0,0,0,195,628,4926,1693
4319703577,4/20/2016,6.010000229,6.010000229,0,0,0.680000007,5.309999943,0,0,18,306,671,8954,2220
1503960366,4/13/2016,6.96999979,6.96999979,0,1.570000052,0.689999998,4.710000038,0,21,19,217,776,10735,1797
8583815059,5/11/2016,6.789999962,6.789999962,0,0.370000005,3.24000001,3.170000076,0,5,71,177,1106,8701,2804
5553957443,5/7/2016,1.220000029,1.220000029,0,0,0,1.220000029,0,0,0,96,902,1868,1494
1644430081,4/30/2016,13.23999977,13.23999977,0,0.629999995,3.140000105,9.460000038,0,9,71,402,816,18213,3846
2026352035,5/2/2016,4.349999905,4.349999905,0,0,0,4.349999905,0,0,0,355,716,7018,1690
1624580081,4/15/2016,0.980000019,0.980000019,0,0,0,0.970000029,0,0,0,96,1344,1510,1344
8053475328,4/19/2016,12.47999954,12.47999954,0,9.220000267,0.310000002,2.950000048,0,90,7,191,1152,15929,3114
4702921684,4/15/2016,5.28000021,5.28000021,0,0.07,0.419999987,4.789999962,0,1,8,256,944,6506,2896
4388161847,4/27/2016,8.609999657,8.609999657,0,0.699999988,2.50999999,5.389999866,0,11,48,241,684,11193,3074
4445114986,4/23/2016,2.930000067,2.930000067,0,0,0,2.930000067,0,0,0,201,1239,4363,2149
4020332650,5/2/2016,0.340000004,0.340000004,0,0,0.039999999,0.289999992,0,0,11,31,1350,475,2207
1644430081,5/11/2016,0.970000029,0.970000029,0,0,0,0.949999988,0.01,0,0,49,713,1329,1276
3977333714,5/5/2016,8.579999924,8.579999924,0,1.75999999,4.110000134,2.710000038,0,14,88,178,680,12312,1618
5553957443,5/10/2016,10.71000004,10.71000004,0,3.869999886,1.610000014,5.199999809,0,61,40,265,707,16358,2335
3977333714,5/11/2016,0.5,0.5,0,0.370000005,0,0.129999995,0,4,0,9,13,746,52
8053475328,4/20/2016,12.18999958,12.18999958,0,9.579999924,0.230000004,2.380000114,0,89,5,158,695,15108,3043
2320127002,5/7/2016,4.96999979,4.96999979,0,0,0,4.96999979,0,0,0,319,1121,7379,1972
1503960366,4/25/2016,9.800000191,9.800000191,0,5.289999962,0.569999993,3.940000057,0,73,14,216,814,15355,2013
3372868164,5/1/2016,2.099999905,2.099999905,0,0,0,2.089999914,0,0,0,172,842,3077,1237
6117666160,4/15/2016,10.59000015,10.59000015,0,0,0.280000001,10.30000019,0,0,6,513,921,14019,2865
4319703577,4/18/2016,1.549999952,1.549999952,0,0.07,0.330000013,1.120000005,0,1,9,58,824,2276,1632
2873212765,4/20/2016,6.300000191,6.300000191,0,1.50999999,0.119999997,4.659999847,0.01,22,5,378,1035,9202,2094
2022484408,4/24/2016,10.27999973,10.27999973,0,4.550000191,1.149999976,4.579999924,0,37,26,216,1161,13481,2529
8378563200,5/4/2016,6.239999771,6.239999771,0,1.559999943,0.49000001,4.199999809,0,19,10,167,680,7875,3110
8877689391,5/5/2016,10.67000008,10.67000008,0,5.460000038,0.819999993,4.369999886,0,67,15,188,1170,14055,3052
6290855005,5/3/2016,4.570000172,4.570000172,0,0,0,4.570000172,0,0,0,240,1200,6047,2671
8378563200,4/12/2016,6.050000191,6.050000191,2.253081083,0.829999983,0.709999979,4.5,0,65,15,156,723,7626,3635
4558609924,4/22/2016,6.349999905,6.349999905,0,1.370000005,1.5,3.470000029,0,20,25,273,1122,9601,2094
8877689391,4/23/2016,7.429999828,7.429999828,0,0,0,7.400000095,0.01,102,6,300,1032,11200,3891
4558609924,5/12/2016,4.170000076,4.170000076,0,0,0,4.170000076,0,0,0,247,736,6307,1452
8378563200,4/25/2016,9.840000153,9.840000153,2.092147112,5.050000191,0.870000005,3.920000076,0,117,16,141,692,12405,4005
2320127002,5/9/2016,2.079999924,2.079999924,0,0,0,2.079999924,0,0,0,145,1295,3090,1630
5553957443,5/12/2016,2.039999962,2.039999962,0,0.579999983,0.400000006,1.059999943,0,8,6,48,222,3121,741
8583815059,5/8/2016,7.190000057,7.190000057,0,0.219999999,3.309999943,3.660000086,0,3,72,182,1183,9217,2940
5553957443,5/8/2016,4,4,0,0.219999999,0.469999999,3.299999952,0,3,8,210,505,6083,1762
6962181067,4/18/2016,7.539999962,7.539999962,0,0.829999983,2.390000105,4.320000172,0,13,42,238,689,11404,2039
2026352035,4/16/2016,1.580000043,1.580000043,0,0,0,1.580000043,0,0,0,150,728,2547,1373
8053475328,4/26/2016,9.619999886,9.619999886,0,6.309999943,0.200000003,3.099999905,0,68,5,185,1182,12685,2846
6962181067,5/1/2016,3.609999895,3.609999895,0,0,0,3.609999895,0,0,0,215,722,5454,1740
4558609924,4/13/2016,3.289999962,3.289999962,0,1.24000001,0.439999998,1.610000014,0,19,7,127,1287,4978,1722
6962181067,4/13/2016,3.74000001,3.74000001,0,0.569999993,1.210000038,1.960000038,0,8,24,142,548,5652,1718
4702921684,4/17/2016,10.28999996,10.28999996,0,0.959999979,3.460000038,5.880000114,0,12,66,302,437,12692,3394
1624580081,5/9/2016,1.129999995,1.129999995,0,0,0,1.129999995,0,0,0,91,1349,1732,1328
4558609924,4/12/2016,3.390000105,3.390000105,0,0,0,3.390000105,0,0,0,318,1122,5135,1909
5553957443,5/6/2016,6.289999962,6.289999962,0,1.519999981,0.540000021,4.230000019,0,21,9,229,761,9632,1916
8583815059,4/19/2016,4.440000057,4.440000057,0,0.529999971,0.479999989,3.440000057,0,7,10,166,1257,5697,2668
7086361926,4/22/2016,6.53000021,6.53000021,0,2.869999886,0.970000029,2.670000076,0,58,59,153,762,9753,2846
2347167796,4/17/2016,3.619999886,3.619999886,0,0.079999998,0.280000001,3.25999999,0,1,7,249,508,5472,1882
1503960366,5/3/2016,9.659999847,9.659999847,0,3.730000019,1.049999952,4.880000114,0,50,24,254,816,15103,1990
3372868164,4/29/2016,6.230000019,6.230000019,0,0,0,6.21999979,0.01,0,0,402,1038,9135,2044
4445114986,4/28/2016,3.00999999,3.00999999,0,0,0,3.00999999,0,0,0,236,762,4493,2203
2022484408,4/18/2016,10.06999969,10.06999969,0,3.640000105,0.119999997,6.300000191,0,48,3,311,1078,14131,2770
2873212765,4/23/2016,6.349999905,6.349999905,0,2.089999914,0.230000004,4.019999981,0.01,28,5,330,1077,9317,2021
2026352035,4/18/2016,2.059999943,2.059999943,0,0,0,2.059999943,0,0,0,182,1062,3325,1419
4319703577,4/16/2016,3.180000067,3.180000067,0,0,0,3.180000067,0,0,0,194,724,4744,1884
8253242879,4/18/2016,3.480000019,3.480000019,0,1.039999962,0.629999995,1.799999952,0,16,16,130,1278,5151,1829
4388161847,4/13/2016,8.449999809,8.449999809,0,0.059999999,0.629999995,3.880000114,0,1,14,150,1275,10993,3092
4558609924,4/29/2016,5.179999828,5.179999828,0,1.019999981,1.850000024,2.309999943,0,15,29,197,1096,7833,1918
3977333714,5/9/2016,10.07999992,10.07999992,0,0.769999981,5.599999905,3.549999952,0,8,122,151,1159,14687,1667
8053475328,4/13/2016,13.35000038,13.35000038,0,10.43000031,0.469999999,2.450000048,0,95,12,156,1177,16433,3140
3372868164,4/24/2016,4.590000153,4.590000153,0,0.889999986,0.189999998,3.49000001,0.02,14,7,292,1127,6731,1921
6775888955,4/19/2016,0,0,0,0,0,0,0,0,0,0,1440,0,1841
1927972279,4/19/2016,0,0,0,0,0,0,0,0,0,0,1440,0,2063
6775888955,4/21/2016,0,0,0,0,0,0,0,0,0,0,1440,0,1841
8583815059,5/4/2016,2.799999952,2.799999952,0,0,0,0,0,0,0,0,1440,3588,2516
1844505072,4/19/2016,0.129999995,0.129999995,0,0,0,0.129999995,0,0,0,10,1430,197,1366
4020332650,5/8/2016,4.199999809,4.199999809,0,0,0,4.150000095,0,0,0,263,775,5862,3089
1644430081,5/7/2016,9.720000267,9.720000267,0,3.25999999,0.790000021,5.670000076,0.01,41,17,243,1139,13372,3404
4445114986,4/27/2016,5.03000021,5.03000021,0,2.619999886,0.029999999,2.380000114,0,32,1,194,839,7243,2361
3977333714,4/26/2016,7.619999886,7.619999886,0,0.449999988,4.21999979,2.950000048,0,7,95,170,797,11388,1551
2026352035,5/11/2016,5.320000172,5.320000172,0,0,0,5.320000172,0,0,0,330,569,8580,1698
4445114986,5/5/2016,2.549999952,2.549999952,0,0.119999997,0.239999995,2.180000067,0,2,6,185,734,3800,2120
1844505072,5/11/2016,0,0,0,0,0,0,0,0,0,0,1440,0,1347
6117666160,4/29/2016,7.239999771,7.239999771,0,0,0,7.239999771,0,0,0,461,479,9592,2560
1503960366,5/2/2016,9.710000038,9.710000038,0,3.210000038,0.569999993,5.920000076,0,41,15,277,798,14727,2004
6962181067,5/2/2016,8.539999962,8.539999962,0,1.200000048,2,5.340000153,0,18,39,313,655,12912,2162
1644430081,4/21/2016,0.889999986,0.889999986,0,0,0,0.879999995,0.01,0,0,38,1402,1223,2140
1844505072,4/26/2016,0,0,0,0,0,0,0,0,0,0,1440,0,1347
2873212765,4/17/2016,1.700000048,1.700000048,0,0,0.349999994,1.340000033,0,0,8,160,1272,2524,1529
8583815059,4/23/2016,7.349999905,7.349999905,0,0.529999971,2.029999971,4.75,0,7,44,238,1151,9423,3012
4388161847,5/5/2016,7.380000114,7.380000114,0,0.629999995,1.669999957,5.090000153,0,12,39,199,896,9603,2899
1844505072,4/22/2016,3.549999952,3.549999952,0,0,0,3.549999952,0,0,0,220,1220,5372,1827
